X,east_of_akbuura
0,0
1,0
2,1
3,1
4,1
5,0
6,1
7,0
8,0
9,0
10,0
11,0
12,0
13,0
14,0
15,1
16,1
17,1
18,1
19,0
20,1
21,0
22,1
23,0
24,0
25,1
26,1
27,1
28,1
29,1
30,0
31,0
32,1
33,1
34,1
35,0
36,0
37,1
38,0
39,0
40,0
41,1
42,1
43,0
44,1
45,1
46,1
47,1
48,1
49,0
50,0
51,0
52,1
53,1
54,0
55,1
56,0
57,1
58,0
59,1
60,1
61,1
62,1
63,0
64,1
65,0
66,1
67,0
68,1
69,1
70,1
71,0
72,1
73,0
74,1
75,0
76,1
77,1
78,0
79,0
80,1
81,1
82,0
83,1
84,1
85,0
86,1
87,1
88,1
89,1
90,1
91,0
92,0
93,0
94,1
95,0
96,0
97,0
98,1
99,1
100,0
101,1
102,1
103,0
104,1
105,1
106,0
107,1
108,1
109,0
110,1
111,0
112,1
113,0
114,1
115,1
116,1
117,0
118,1
119,1
120,1
121,1
122,1
123,0
124,1
125,1
126,1
127,0
128,1
129,0
130,0
131,1
132,0
133,1
134,1
135,0
136,1
137,0
138,1
139,0
140,0
141,1
142,1
143,1
144,0
145,1
146,1
147,1
148,1
149,1
150,1
151,0
152,1
153,1
154,0
155,1
156,1
157,0
158,0
159,0
160,1
161,0
162,1
163,1
164,0
165,1
166,1
167,1
168,0
169,0
170,1
171,1
172,1
173,0
174,1
175,0
176,1
177,0
178,0
179,1
180,1
181,0
182,1
183,0
184,1
185,0
186,0
187,1
188,0
189,0
190,1
191,1
192,0
193,0
194,1
195,1
196,1
197,0
198,1
199,0
200,1
201,1
202,1
203,0
204,1
205,1
206,0
207,0
208,1
209,1
210,1
211,0
212,0
213,1
214,1
215,0
216,0
217,0
218,0
219,0
220,0
221,1
222,1
223,1
224,0
225,1
226,1
227,0
228,1
229,1
230,0
231,0
232,1
233,0
234,0
235,1
236,0
237,1
238,0
239,1
240,1
241,1
242,0
243,1
244,0
245,1
246,1
247,1
248,0
249,1
250,0
251,0
252,1
253,1
254,0
255,0
256,1
257,0
258,1
259,1
260,1
261,0
262,1
263,1
264,1
265,0
266,0
267,1
268,1
269,0
270,1
271,1
272,1
273,0
274,0
275,0
276,1
277,0
278,1
279,1
280,1
281,1
282,1
283,1
284,0
285,1
286,0
287,0
288,0
289,0
290,0
291,0
292,0
293,0
294,0
295,0
296,0
297,1
298,1
299,0
300,1
301,1
302,0
303,1
304,1
305,1
306,0
307,0
308,0
309,1
310,1
311,1
312,1
313,1
314,0
315,0
316,0
317,0
318,1
319,1
320,1
321,0
322,0
323,1
324,0
325,0
326,1
327,1
328,1
329,1
330,0
331,0
332,0
333,1
334,0
335,0
336,1
337,1
338,1
339,0
340,1
341,1
342,0
343,0
344,1
345,0
346,0
347,0
348,0
349,1
350,1
351,1
352,1
353,1
354,0
355,1
356,0
357,1
358,0
359,1
360,1
361,0
362,1
363,1
364,1
365,1
366,0
367,1
368,0
369,0
370,0
371,1
372,0
373,0
374,1
375,1
376,0
377,1
378,1
379,0
380,0
381,1
382,1
383,1
384,0
385,0
386,1
387,1
388,0
389,1
390,0
391,0
392,0
393,1
394,1
395,0
396,0
397,0
398,0
399,0
400,0
401,0
402,0
403,1
404,0
405,0
406,1
407,0
408,0
409,1
410,1
411,1
412,1
413,0
414,1
415,0
416,0
417,1
418,1
419,1
420,1
421,1
422,1
423,1
424,1
425,1
426,0
427,1
428,1
429,0
430,0
431,1
432,1
433,0
434,1
435,1
436,1
437,0
438,1
439,1
440,1
441,1
442,0
443,0
444,1
445,0
446,0
447,0
448,0
449,1
450,0
451,1
452,1
453,1
454,1
455,1
456,0
457,0
458,0
459,1
460,0
461,0
462,0
463,1
464,1
465,0
466,1
467,0
468,0
469,0
470,1
471,1
472,1
473,1
474,1
475,1
476,0
477,1
478,1
479,1
480,0
481,1
482,1
483,1
484,0
485,0
486,1
487,0
488,1
489,0
490,0
491,1
492,0
493,1
494,0
495,1
496,0
497,0
498,1
499,1
500,0
501,0
502,0
503,0
504,0
505,1
506,1
507,1
508,0
509,0
510,1
511,1
512,0
513,0
514,1
515,0
516,0
517,0
518,0
519,1
520,1
521,1
522,0
523,0
524,0
525,0
526,1
527,1
528,1
529,1
530,1
531,0
532,0
533,1
534,1
535,0
536,0
537,1
538,1
539,0
540,1
541,0
542,0
543,0
544,0
545,1
546,0
547,1
548,1
549,1
550,0
551,1
552,1
553,0
554,1
555,0
556,0
557,1
558,0
559,0
560,0
561,1
562,1
563,1
564,1
565,0
566,0
567,0
568,1
569,0
570,1
571,0
572,1
573,0
574,1
575,1
576,1
577,0
578,0
579,0
580,0
581,0
582,0
583,1
584,0
585,1
586,0
587,0
588,1
589,1
590,1
591,1
592,1
593,0
594,1
595,1
596,1
597,0
598,0
599,0
600,1
601,1
602,1
603,0
604,1
605,1
606,0
607,1
608,0
609,1
610,0
611,1
612,0
613,1
614,1
615,0
616,0
617,1
618,0
619,1
620,1
621,1
622,1
623,0
624,0
625,1
626,1
627,1
628,0
629,1
630,1
631,0
632,1
633,1
634,1
635,0
636,1
637,0
638,0
639,0
640,0
641,1
642,0
643,1
644,1
645,1
646,1
647,0
648,1
649,0
650,1
651,0
652,0
653,1
654,0
655,0
656,0
657,0
658,0
659,0
660,1
661,1
662,0
663,1
664,0
665,0
666,1
667,0
668,0
669,1
670,1
671,1
672,1
673,0
674,1
675,1
676,0
677,1
678,0
679,0
680,1
681,0
682,0
683,0
684,1
685,0
686,0
687,1
688,1
689,1
690,1
691,0
692,1
693,0
694,1
695,0
696,0
697,1
698,1
699,0
700,0
701,1
702,1
703,1
704,1
705,0
706,0
707,0
708,0
709,1
710,0
711,1
712,0
713,0
714,0
715,1
716,0
717,0
718,1
719,1
720,1
721,0
722,0
723,1
724,0
725,1
726,1
727,0
728,1
729,1
730,1
731,0
732,1
733,0
734,1
735,0
736,0
737,0
738,1
739,1
740,0
741,1
742,1
743,1
744,1
745,1
746,0
747,0
748,1
749,1
750,0
751,1
752,0
753,0
754,0
755,1
756,1
757,0
758,0
759,0
760,0
761,0
762,1
763,0
764,1
765,0
766,0
767,1
768,1
769,1
770,0
771,0
772,1
773,1
774,1
775,0
776,1
777,1
778,0
779,1
780,1
781,1
782,0
783,0
784,1
785,0
786,1
787,1
788,1
789,1
790,0
791,0
792,0
793,1
794,1
795,0
796,0
797,1
798,1
799,1
800,1
801,1
802,1
803,0
804,1
805,0
806,1
807,0
808,1
809,1
810,0
811,0
812,0
813,1
814,0
815,1
816,1
817,1
818,0
819,1
820,1
821,0
822,1
823,1
824,0
825,0
826,1
827,0
828,0
829,1
830,0
831,0
832,1
833,1
834,0
835,1
836,1
837,0
838,0
839,1
840,0
841,0
842,1
843,1
844,0
845,1
846,0
847,1
848,1
849,1
850,1
851,0
852,1
853,1
854,0
855,1
856,0
857,0
858,0
859,1
860,0
861,1
862,1
863,0
864,0
865,0
866,0
867,1
868,1
869,1
870,0
871,0
872,1
873,1
874,1
875,1
876,1
877,1
878,0
879,1
880,1
881,0
882,0
883,1
884,1
885,1
886,0
887,0
888,0
889,1
890,1
891,1
892,0
893,0
894,1
895,1
896,1
897,0
898,1
899,1
900,0
901,1
902,1
903,1
904,1
905,1
906,1
907,1
908,0
909,1
910,1
911,1
912,1
913,1
914,0
915,0
916,0
917,0
918,1
919,0
920,0
921,0
922,0
923,0
924,0
925,0
926,0
927,0
928,1
929,1
930,0
931,0
932,1
933,0
934,0
935,1
936,1
937,0
938,1
939,1
940,1
941,1
942,0
943,1
944,0
945,0
946,1
947,0
948,1
949,0
950,0
951,1
952,0
953,1
954,0
955,1
956,0
957,0
958,1
959,0
960,1
961,1
962,1
963,0
964,1
965,1
966,0
967,1
968,1
969,1
970,0
971,1
972,1
973,1
974,1
975,0
976,1
977,1
978,1
979,0
980,1
981,1
982,0
983,0
984,1
985,0
986,0
987,1
988,0
989,0
990,1
991,1
992,0
993,1
994,0
995,0
996,0
997,0
998,1
999,0
1000,0
1001,0
1002,1
1003,0
1004,1
1005,0
1006,1
1007,1
1008,1
1009,1
1010,1
1011,0
1012,1
1013,1
1014,1
1015,1
1016,0
1017,0
1018,1
1019,1
1020,1
1021,0
1022,0
1023,1
1024,0
1025,0
1026,1
1027,1
1028,1
1029,0
1030,0
1031,1
1032,0
1033,1
1034,0
1035,1
1036,1
1037,1
1038,0
1039,1
1040,0
1041,0
1042,1
1043,1
1044,0
1045,1
1046,0
1047,0
1048,0
1049,0
1050,0
1051,0
1052,0
1053,1
1054,0
1055,0
1056,1
1057,0
1058,1
1059,1
1060,0
1061,1
1062,0
1063,0
1064,0
1065,1
1066,0
1067,0
1068,0
1069,1
1070,1
1071,0
1072,1
1073,0
1074,1
1075,1
1076,0
1077,1
1078,0
1079,0
1080,1
1081,0
1082,0
1083,0
1084,1
1085,1
1086,1
1087,0
1088,1
1089,1
1090,1
1091,1
1092,1
1093,0
1094,0
1095,1
1096,0
1097,1
1098,0
1099,0
1100,1
1101,1
1102,0
1103,1
1104,1
1105,0
1106,1
1107,1
1108,0
1109,1
1110,1
1111,0
1112,0
1113,1
1114,1
1115,0
1116,0
1117,1
1118,1
1119,0
1120,1
1121,0
1122,1
1123,0
1124,1
1125,1
1126,0
1127,0
1128,1
1129,0
1130,0
1131,0
1132,1
1133,1
1134,0
1135,0
1136,1
1137,1
1138,1
1139,0
1140,0
1141,1
1142,0
1143,0
1144,0
1145,0
1146,0
1147,0
1148,0
1149,1
1150,1
1151,1
1152,0
1153,0
1154,0
1155,0
1156,1
1157,0
1158,1
1159,0
1160,0
1161,0
1162,0
1163,0
1164,1
1165,0
1166,0
1167,1
1168,1
1169,1
1170,0
1171,0
1172,0
1173,1
1174,0
1175,1
1176,0
1177,0
1178,1
1179,0
1180,0
1181,0
1182,0
1183,1
1184,0
1185,0
1186,1
1187,0
1188,0
1189,1
1190,1
1191,1
1192,1
1193,0
1194,1
1195,1
1196,0
1197,0
1198,0
1199,1
1200,0
1201,1
1202,0
1203,0
1204,0
1205,1
1206,1
1207,1
1208,1
1209,1
1210,0
1211,0
1212,1
1213,0
1214,0
1215,1
1216,1
1217,0
1218,0
1219,0
1220,0
1221,0
1222,1
1223,0
1224,1
1225,1
1226,0
1227,1
1228,1
1229,1
1230,1
1231,0
1232,0
1233,1
1234,0
1235,0
1236,1
1237,0
1238,0
1239,1
1240,1
1241,0
1242,0
1243,1
1244,1
1245,0
1246,0
1247,1
1248,1
1249,0
1250,0
1251,0
1252,1
1253,1
1254,0
1255,0
1256,1
1257,0
1258,1
1259,0
1260,1
1261,0
1262,1
1263,0
1264,1
1265,0
1266,0
1267,0
1268,0
1269,1
1270,0
1271,1
1272,1
1273,0
1274,0
1275,0
1276,1
1277,0
1278,1
1279,1
1280,0
1281,1
1282,0
1283,1
1284,0
1285,0
1286,1
1287,1
1288,0
1289,0
1290,1
1291,1
1292,1
1293,0
1294,0
1295,0
1296,0
1297,0
1298,0
1299,0
1300,1
1301,1
1302,0
1303,1
1304,0
1305,1
1306,0
1307,1
1308,1
1309,0
1310,0
1311,1
1312,1
1313,0
1314,0
1315,1
1316,0
1317,0
1318,1
1319,0
1320,1
1321,1
1322,1
1323,1
1324,1
1325,1
1326,0
1327,0
1328,0
1329,0
1330,0
1331,1
1332,0
1333,0
1334,0
1335,0
1336,1
1337,0
1338,1
1339,1
1340,1
1341,0
1342,1
1343,1
1344,1
1345,0
1346,1
1347,1
1348,0
1349,1
1350,1
1351,1
1352,0
1353,1
1354,0
1355,1
1356,0
1357,1
1358,1
1359,1
1360,1
1361,0
1362,1
1363,1
1364,0
1365,1
1366,1
1367,1
1368,1
1369,0
1370,1
1371,1
1372,0
1373,0
1374,0
1375,0
1376,1
1377,0
1378,0
1379,1
1380,0
1381,0
1382,1
1383,0
1384,0
1385,0
1386,0
1387,0
1388,0
1389,1
1390,0
1391,1
1392,1
1393,1
1394,1
1395,1
1396,0
1397,1
1398,0
1399,0
1400,1
1401,1
1402,0
1403,0
1404,1
1405,0
1406,1
1407,0
1408,1
1409,1
1410,0
1411,0
1412,0
1413,1
1414,0
1415,0
1416,1
1417,1
1418,0
1419,0
1420,0
1421,1
1422,1
1423,0
1424,0
1425,0
1426,1
1427,1
1428,1
1429,1
1430,1
1431,0
1432,0
1433,0
1434,1
1435,1
1436,0
1437,1
1438,1
1439,0
1440,0
1441,0
1442,0
1443,0
1444,1
1445,0
1446,0
1447,1
1448,0
1449,1
1450,1
1451,0
1452,0
1453,1
1454,0
1455,0
1456,0
1457,0
1458,0
1459,0
1460,0
1461,0
1462,1
1463,1
1464,1
1465,0
1466,0
1467,0
1468,1
1469,0
1470,0
1471,0
1472,1
1473,1
1474,0
1475,0
1476,1
1477,0
1478,0
1479,0
1480,1
1481,0
1482,1
1483,1
1484,1
1485,1
1486,1
1487,1
1488,1
1489,0
1490,1
1491,1
1492,1
1493,1
1494,1
1495,0
1496,0
1497,0
1498,1
1499,0
1500,0
1501,0
1502,0
1503,1
1504,1
1505,1
1506,1
1507,0
1508,0
1509,1
1510,0
1511,0
1512,0
1513,1
1514,0
1515,1
1516,1
1517,1
1518,0
1519,0
1520,1
1521,1
1522,1
1523,1
1524,1
1525,1
1526,1
1527,1
1528,0
1529,0
1530,1
1531,0
1532,0
1533,0
1534,1
1535,0
1536,1
1537,1
1538,1
1539,0
1540,1
1541,0
1542,0
1543,1
1544,0
1545,0
1546,1
1547,0
1548,0
1549,0
1550,1
1551,0
1552,0
1553,1
1554,0
1555,0
1556,0
1557,1
1558,1
1559,0
1560,0
1561,1
1562,1
1563,1
1564,0
1565,1
1566,0
1567,1
1568,0
1569,1
1570,0
1571,0
1572,1
1573,1
1574,0
1575,0
1576,0
1577,0
1578,1
1579,1
1580,1
1581,1
1582,0
1583,0
1584,1
1585,0
1586,1
1587,0
1588,0
1589,1
1590,0
1591,0
1592,0
1593,0
1594,1
1595,0
1596,1
1597,0
1598,0
1599,0
1600,0
1601,0
1602,1
1603,1
1604,0
1605,0
1606,1
1607,1
1608,0
1609,0
1610,0
1611,0
1612,1
1613,1
1614,0
1615,0
1616,0
1617,0
1618,0
1619,1
1620,1
1621,1
1622,1
1623,1
1624,0
1625,0
1626,1
1627,0
1628,1
1629,0
1630,0
1631,0
1632,1
1633,0
1634,1
1635,1
1636,1
1637,0
1638,1
1639,1
1640,1
1641,0
1642,1
1643,1
1644,1
1645,0
1646,0
1647,0
1648,0
1649,1
1650,0
1651,1
1652,0
1653,1
1654,1
1655,1
1656,1
1657,0
1658,0
1659,1
1660,1
1661,0
1662,0
1663,1
1664,0
1665,0
1666,0
1667,1
1668,1
1669,1
1670,0
1671,1
1672,0
1673,1
1674,0
1675,0
1676,0
1677,0
1678,1
1679,0
1680,1
1681,1
1682,0
1683,0
1684,1
1685,0
1686,0
1687,1
1688,1
1689,1
1690,1
1691,0
1692,1
1693,0
1694,1
1695,0
1696,0
1697,1
1698,0
1699,0
1700,0
1701,1
1702,1
1703,0
1704,0
1705,0
1706,1
1707,0
1708,1
1709,0
1710,0
1711,1
1712,1
1713,0
1714,1
1715,1
1716,0
1717,0
1718,1
1719,0
1720,1
1721,0
1722,0
1723,0
1724,0
1725,1
1726,1
1727,0
1728,1
1729,1
1730,1
1731,1
1732,0
1733,0
1734,0
1735,0
1736,0
1737,0
1738,1
1739,0
1740,0
1741,1
1742,0
1743,0
1744,1
1745,0
1746,0
1747,0
1748,0
1749,1
1750,0
1751,0
1752,0
1753,1
1754,0
1755,1
1756,1
1757,0
1758,0
1759,0
1760,1
1761,1
1762,0
1763,0
1764,0
1765,1
1766,0
1767,0
1768,1
1769,0
1770,1
1771,0
1772,0
1773,1
1774,1
1775,1
1776,1
1777,0
1778,1
1779,0
1780,1
1781,0
1782,0
1783,1
1784,0
1785,1
1786,0
1787,0
1788,0
1789,1
1790,0
1791,0
1792,1
1793,0
1794,0
1795,1
1796,1
1797,0
1798,0
1799,0
1800,0
1801,1
1802,1
1803,1
1804,1
1805,1
1806,1
1807,1
1808,1
1809,0
1810,1
1811,1
1812,1
1813,0
1814,1
1815,0
1816,0
1817,1
1818,1
1819,0
1820,0
1821,1
1822,1
1823,1
1824,0
1825,1
1826,1
1827,0
1828,0
1829,1
1830,0
1831,0
1832,1
1833,0
1834,1
1835,1
1836,0
1837,1
1838,0
1839,0
1840,1
1841,0
1842,1
1843,1
1844,0
1845,0
1846,1
1847,0
1848,0
1849,1
1850,1
1851,0
1852,0
1853,1
1854,0
1855,0
1856,0
1857,0
1858,1
1859,0
1860,1
1861,1
1862,0
1863,0
1864,0
1865,1
1866,1
1867,1
1868,0
1869,0
1870,0
1871,1
1872,0
1873,0
1874,1
1875,0
1876,0
1877,1
1878,0
1879,1
1880,0
1881,0
1882,0
1883,0
1884,1
1885,1
1886,1
1887,0
1888,1
1889,1
1890,0
1891,0
1892,1
1893,1
1894,0
1895,1
1896,1
1897,1
1898,0
1899,1
1900,1
1901,0
1902,0
1903,0
1904,1
1905,0
1906,0
1907,1
1908,0
1909,1
1910,0
1911,0
1912,0
1913,1
1914,1
1915,1
1916,1
1917,1
1918,1
1919,0
1920,1
1921,1
1922,0
1923,1
1924,1
1925,1
1926,1
1927,0
1928,0
1929,1
1930,1
1931,1
1932,1
1933,1
1934,0
1935,1
1936,1
1937,0
1938,0
1939,1
1940,0
1941,1
1942,0
1943,0
1944,1
1945,0
1946,0
1947,1
1948,0
1949,1
1950,0
1951,0
1952,1
1953,1
1954,0
1955,1
1956,0
1957,0
1958,1
1959,1
1960,1
1961,1
1962,1
1963,1
1964,0
1965,1
1966,0
1967,1
1968,1
1969,0
1970,1
1971,0
1972,0
1973,0
1974,0
1975,1
1976,0
1977,1
1978,1
1979,1
1980,1
1981,1
1982,1
1983,1
1984,0
1985,1
1986,1
1987,0
1988,1
1989,0
1990,1
1991,0
1992,1
1993,1
1994,0
1995,0
1996,1
1997,1
1998,0
1999,0
2000,0
2001,1
2002,0
2003,0
2004,0
2005,1
2006,1
2007,0
2008,0
2009,1
2010,0
2011,0
2012,1
2013,0
2014,0
2015,1
2016,0
2017,0
2018,1
2019,0
2020,1
2021,0
2022,0
2023,1
2024,1
2025,0
2026,1
2027,1
2028,1
2029,0
2030,0
2031,1
2032,0
2033,1
2034,0
2035,1
2036,0
2037,1
2038,1
2039,0
2040,0
2041,1
2042,0
2043,1
2044,1
2045,1
2046,1
2047,0
2048,1
2049,1
2050,0
2051,0
2052,1
2053,0
2054,1
2055,1
2056,0
2057,1
2058,0
2059,1
2060,0
2061,1
2062,1
2063,1
2064,0
2065,0
2066,0
2067,0
2068,0
2069,1
2070,0
2071,1
2072,0
2073,1
2074,0
2075,1
2076,0
2077,1
2078,1
2079,1
2080,0
2081,1
2082,1
2083,0
2084,0
2085,1
2086,0
2087,1
2088,1
2089,0
2090,0
2091,0
2092,1
2093,1
2094,0
2095,0
2096,1
2097,0
2098,0
2099,0
2100,0
2101,0
2102,0
2103,1
2104,1
2105,1
2106,0
2107,0
2108,0
2109,0
2110,1
2111,0
2112,1
2113,0
2114,1
2115,0
2116,1
2117,1
2118,0
2119,1
2120,0
2121,1
2122,1
2123,0
2124,1
2125,1
2126,1
2127,1
2128,1
2129,0
2130,1
2131,0
2132,0
2133,0
2134,0
2135,0
2136,0
2137,0
2138,0
2139,1
2140,0
2141,1
2142,1
2143,0
2144,1
2145,0
2146,1
2147,0
2148,0
2149,1
2150,0
2151,1
2152,0
2153,0
2154,0
2155,1
2156,1
2157,1
2158,1
2159,1
2160,1
2161,0
2162,0
2163,1
2164,0
2165,0
2166,1
2167,1
2168,0
2169,0
2170,0
2171,1
2172,1
2173,1
2174,1
2175,1
2176,0
2177,1
2178,1
2179,1
2180,0
2181,0
2182,1
2183,0
2184,0
2185,1
2186,1
2187,1
2188,1
2189,0
2190,1
2191,0
2192,1
2193,1
2194,0
2195,1
2196,1
2197,0
2198,1
2199,1
2200,0
2201,1
2202,0
2203,1
2204,0
2205,1
2206,0
2207,0
2208,1
2209,1
2210,0
2211,0
2212,1
2213,0
2214,0
2215,0
2216,1
2217,1
2218,0
2219,0
2220,0
2221,0
2222,0
2223,1
2224,1
2225,0
2226,0
2227,1
2228,1
2229,1
2230,0
2231,1
2232,1
2233,0
2234,0
2235,0
2236,1
2237,1
2238,0
2239,1
2240,0
2241,1
2242,0
2243,1
2244,1
2245,1
2246,1
2247,1
2248,0
2249,0
2250,1
2251,0
2252,0
2253,0
2254,0
2255,0
2256,1
2257,0
2258,1
2259,1
2260,0
2261,1
2262,0
2263,0
2264,1
2265,0
2266,0
2267,0
2268,1
2269,1
2270,0
2271,0
2272,1
2273,1
2274,1
2275,0
2276,1
2277,0
2278,1
2279,0
2280,0
2281,1
2282,0
2283,1
2284,1
2285,0
2286,1
2287,1
2288,1
2289,1
2290,1
2291,0
2292,1
2293,1
2294,0
2295,1
2296,1
2297,1
2298,1
2299,0
2300,0
2301,1
2302,1
2303,1
2304,1
2305,0
2306,0
2307,0
2308,0
2309,0
2310,0
2311,0
2312,0
2313,0
2314,1
2315,1
2316,0
2317,0
2318,0
2319,1
2320,1
2321,1
2322,1
2323,1
2324,1
2325,1
2326,1
2327,0
2328,0
2329,0
2330,1
2331,1
2332,1
2333,1
2334,0
2335,1
2336,0
2337,1
2338,0
2339,1
2340,0
2341,0
2342,0
2343,1
2344,0
2345,0
2346,1
2347,1
2348,0
2349,1
2350,1
2351,1
2352,0
2353,1
2354,0
2355,0
2356,1
2357,1
2358,0
2359,1
2360,0
2361,0
2362,1
2363,1
2364,0
2365,0
2366,0
2367,0
2368,0
2369,0
2370,0
2371,1
2372,0
2373,0
2374,1
2375,1
2376,0
2377,1
2378,0
2379,1
2380,1
2381,1
2382,1
2383,0
2384,0
2385,0
2386,1
2387,1
2388,1
2389,1
2390,1
2391,0
2392,1
2393,0
2394,0
2395,1
2396,0
2397,0
2398,0
2399,0
2400,0
2401,0
2402,0
2403,0
2404,0
2405,0
2406,1
2407,0
2408,1
2409,0
2410,0
2411,1
2412,1
2413,0
2414,1
2415,1
2416,0
2417,1
2418,0
2419,1
2420,1
2421,1
2422,1
2423,0
2424,0
2425,1
2426,0
2427,0
2428,1
2429,1
2430,0
2431,1
2432,1
2433,1
2434,1
2435,1
2436,1
2437,0
2438,0
2439,0
2440,0
2441,1
2442,0
2443,0
2444,0
2445,1
2446,1
2447,1
2448,1
2449,1
2450,0
2451,1
2452,1
2453,0
2454,1
2455,0
2456,0
2457,0
2458,0
2459,0
2460,1
2461,0
2462,1
2463,1
2464,0
2465,0
2466,1
2467,0
2468,0
2469,1
2470,1
2471,1
2472,1
2473,1
2474,1
2475,0
2476,1
2477,0
2478,1
2479,0
2480,0
2481,0
2482,1
2483,1
2484,1
2485,0
2486,0
2487,0
2488,0
2489,1
2490,1
2491,1
2492,0
2493,1
2494,1
2495,0
2496,1
2497,1
2498,1
2499,0
2500,1
2501,1
2502,1
2503,0
2504,0
2505,1
2506,1
2507,1
2508,1
2509,0
2510,0
2511,0
2512,1
2513,0
2514,1
2515,0
2516,1
2517,1
2518,1
2519,1
2520,1
2521,0
2522,0
2523,0
2524,1
2525,1
2526,1
2527,1
2528,0
2529,0
2530,0
2531,1
2532,1
2533,1
2534,1
2535,0
2536,0
2537,0
2538,0
2539,1
2540,0
2541,0
2542,1
2543,0
2544,0
2545,1
2546,1
2547,1
2548,0
2549,0
2550,1
2551,1
2552,0
2553,0
2554,0
2555,1
2556,1
2557,0
2558,1
2559,1
2560,1
2561,1
2562,0
2563,1
2564,1
2565,0
2566,1
2567,0
2568,0
2569,0
2570,1
2571,1
2572,1
2573,1
2574,1
2575,1
2576,0
2577,1
2578,0
2579,1
2580,1
2581,1
2582,1
2583,0
2584,1
2585,1
2586,0
2587,1
2588,1
2589,1
2590,1
2591,0
2592,1
2593,1
2594,1
2595,0
2596,1
2597,1
2598,0
2599,1
2600,1
2601,0
2602,1
2603,1
2604,0
2605,1
2606,1
2607,1
2608,1
2609,0
2610,0
2611,0
2612,0
2613,0
2614,1
2615,1
2616,0
2617,0
2618,1
2619,0
2620,1
2621,0
2622,1
2623,0
2624,0
2625,1
2626,0
2627,0
2628,0
2629,0
2630,0
2631,0
2632,0
2633,1
2634,1
2635,0
2636,1
2637,0
2638,1
2639,0
2640,1
2641,0
2642,1
2643,1
2644,0
2645,1
2646,1
2647,0
2648,0
2649,0
2650,1
2651,0
2652,1
2653,1
2654,1
2655,0
2656,0
2657,1
2658,1
2659,1
2660,1
2661,1
2662,0
2663,1
2664,1
2665,1
2666,1
2667,1
2668,1
2669,1
2670,1
2671,0
2672,1
2673,1
2674,1
2675,1
2676,0
2677,1
2678,0
2679,1
2680,0
2681,1
2682,1
2683,1
2684,1
2685,0
2686,0
2687,0
2688,0
2689,1
2690,0
2691,1
2692,0
2693,0
2694,0
2695,0
2696,0
2697,1
2698,0
2699,0
2700,0
2701,0
2702,0
2703,1
2704,1
2705,0
2706,1
2707,1
2708,0
2709,0
2710,1
2711,0
2712,1
2713,0
2714,0
2715,0
2716,0
2717,0
2718,1
2719,1
2720,0
2721,1
2722,0
2723,0
2724,0
2725,0
2726,0
2727,1
2728,0
2729,1
2730,1
2731,0
2732,1
2733,1
2734,0
2735,0
2736,1
2737,0
2738,1
2739,1
2740,1
2741,1
2742,0
2743,0
2744,0
2745,1
2746,1
2747,0
2748,1
2749,1
2750,1
2751,0
2752,1
2753,1
2754,1
2755,1
2756,1
2757,1
2758,1
2759,1
2760,0
2761,0
2762,0
2763,0
2764,0
2765,0
2766,0
2767,1
2768,1
2769,1
2770,1
2771,0
2772,0
2773,0
2774,0
2775,0
2776,1
2777,1
2778,0
2779,0
2780,0
2781,1
2782,0
2783,1
2784,0
2785,1
2786,1
2787,1
2788,0
2789,0
2790,1
2791,1
2792,0
2793,1
2794,0
2795,0
2796,1
2797,0
2798,0
2799,1
2800,0
2801,0
2802,0
2803,1
2804,0
2805,1
2806,1
2807,0
2808,1
2809,0
2810,1
2811,1
2812,1
2813,0
2814,1
2815,1
2816,0
2817,1
2818,0
2819,1
2820,0
2821,0
2822,0
2823,1
2824,0
2825,1
2826,1
2827,1
2828,0
2829,0
2830,1
2831,1
2832,1
2833,1
2834,1
2835,0
2836,1
2837,0
2838,0
2839,0
2840,1
2841,1
2842,1
2843,1
2844,1
2845,0
2846,0
2847,1
2848,1
2849,1
2850,1
2851,1
2852,1
2853,1
2854,1
2855,1
2856,1
2857,0
2858,1
2859,1
2860,1
2861,0
2862,0
2863,0
2864,1
2865,0
2866,1
2867,0
2868,0
2869,0
2870,0
2871,1
2872,0
2873,0
2874,1
2875,1
2876,1
2877,0
2878,0
2879,0
2880,0
2881,0
2882,1
2883,0
2884,0
2885,1
2886,1
2887,0
2888,0
2889,0
2890,1
2891,1
2892,1
2893,0
2894,0
2895,0
2896,0
2897,1
2898,1
2899,1
2900,1
2901,0
2902,1
2903,1
2904,0
2905,1
2906,0
2907,0
2908,1
2909,1
2910,1
2911,1
2912,1
2913,0
2914,1
2915,0
2916,1
2917,0
2918,0
2919,0
2920,1
2921,1
2922,1
2923,0
2924,0
2925,0
2926,1
2927,1
2928,0
2929,1
2930,1
2931,1
2932,0
2933,1
2934,0
2935,0
2936,1
2937,0
2938,1
2939,0
2940,0
2941,1
2942,1
2943,0
2944,1
2945,1
2946,0
2947,1
2948,1
2949,1
2950,1
2951,1
2952,1
2953,0
2954,0
2955,0
2956,0
2957,1
2958,0
2959,1
2960,0
2961,1
2962,0
2963,1
2964,1
2965,1
2966,0
2967,1
2968,0
2969,1
2970,1
2971,1
2972,0
2973,0
2974,1
2975,0
2976,0
2977,0
2978,1
2979,1
2980,0
2981,1
2982,0
2983,1
2984,1
2985,0
2986,1
2987,0
2988,1
2989,1
2990,0
2991,0
2992,1
2993,1
2994,0
2995,0
2996,1
2997,1
2998,1
2999,1
3000,0
3001,1
3002,0
3003,1
3004,1
3005,1
3006,1
3007,1
3008,1
3009,0
3010,1
3011,1
3012,1
3013,0
3014,1
3015,0
3016,0
3017,1
3018,1
3019,1
3020,0
3021,0
3022,1
3023,0
3024,1
3025,1
3026,0
3027,1
3028,0
3029,1
3030,1
3031,0
3032,1
3033,0
3034,1
3035,1
3036,0
3037,0
3038,0
3039,0
3040,0
3041,0
3042,0
3043,1
3044,1
3045,0
3046,0
3047,1
3048,1
3049,0
3050,1
3051,1
3052,1
3053,0
3054,1
3055,1
3056,0
3057,1
3058,1
3059,1
3060,0
3061,0
3062,0
3063,0
3064,1
3065,0
3066,1
3067,1
3068,0
3069,0
3070,1
3071,0
3072,0
3073,1
3074,1
3075,1
3076,1
3077,1
3078,0
3079,0
3080,1
3081,1
3082,1
3083,0
3084,0
3085,0
3086,1
3087,0
3088,1
3089,0
3090,0
3091,1
3092,1
3093,1
3094,0
3095,1
3096,1
3097,0
3098,0
3099,1
3100,0
3101,0
3102,0
3103,1
3104,0
3105,1
3106,1
3107,1
3108,0
3109,0
3110,0
3111,1
3112,1
3113,1
3114,0
3115,1
3116,0
3117,0
3118,0
3119,0
3120,0
3121,0
3122,0
3123,0
3124,0
3125,0
3126,1
3127,1
3128,1
3129,1
3130,0
3131,1
3132,0
3133,1
3134,1
3135,0
3136,0
3137,0
3138,0
3139,0
3140,0
3141,0
3142,1
3143,1
3144,1
3145,1
3146,1
3147,0
3148,1
3149,0
3150,1
3151,0
3152,1
3153,0
3154,1
3155,1
3156,1
3157,1
3158,0
3159,0
3160,0
3161,1
3162,0
3163,1
3164,1
3165,1
3166,0
3167,1
3168,0
3169,1
3170,0
3171,1
3172,0
3173,0
3174,0
3175,0
3176,1
3177,1
3178,1
3179,0
3180,0
3181,1
3182,1
3183,0
3184,0
3185,1
3186,0
3187,0
3188,0
3189,1
3190,1
3191,1
3192,1
3193,0
3194,0
3195,0
3196,1
3197,0
3198,0
3199,1
3200,0
3201,0
3202,1
3203,0
3204,1
3205,0
3206,0
3207,1
3208,1
3209,0
3210,0
3211,0
3212,0
3213,0
3214,0
3215,1
3216,0
3217,0
3218,1
3219,0
3220,1
3221,0
3222,0
3223,1
3224,0
3225,1
3226,1
3227,1
3228,1
3229,1
3230,1
3231,0
3232,1
3233,1
3234,1
3235,0
3236,0
3237,0
3238,0
3239,0
3240,1
3241,0
3242,0
3243,0
3244,1
3245,1
3246,0
3247,0
3248,0
3249,0
3250,0
3251,0
3252,0
3253,0
3254,1
3255,1
3256,0
3257,1
3258,0
3259,1
3260,0
3261,1
3262,0
3263,1
3264,1
3265,1
3266,0
3267,0
3268,1
3269,0
3270,1
3271,0
3272,1
3273,1
3274,0
3275,0
3276,1
3277,0
3278,1
3279,0
3280,0
3281,0
3282,0
3283,0
3284,0
3285,0
3286,1
3287,1
3288,0
3289,1
3290,1
3291,1
3292,0
3293,0
3294,1
3295,0
3296,0
3297,0
3298,0
3299,1
3300,1
3301,1
3302,1
3303,0
3304,0
3305,0
3306,1
3307,0
3308,1
3309,1
3310,0
3311,1
3312,0
3313,0
3314,1
3315,0
3316,1
3317,0
3318,0
3319,1
3320,1
3321,1
3322,1
3323,1
3324,1
3325,0
3326,0
3327,0
3328,1
3329,1
3330,1
3331,0
3332,0
3333,1
3334,1
3335,0
3336,0
3337,1
3338,1
3339,0
3340,0
3341,1
3342,1
3343,0
3344,1
3345,0
3346,1
3347,1
3348,1
3349,0
3350,0
3351,1
3352,1
3353,1
3354,0
3355,1
3356,1
3357,1
3358,1
3359,1
3360,0
3361,0
3362,1
3363,0
3364,1
3365,1
3366,0
3367,1
3368,1
3369,0
3370,1
3371,0
3372,0
3373,1
3374,0
3375,1
3376,0
3377,1
3378,1
3379,0
3380,1
3381,1
3382,1
3383,0
3384,1
3385,0
3386,1
3387,1
3388,1
3389,0
3390,1
3391,0
3392,0
3393,0
3394,0
3395,1
3396,1
3397,0
3398,1
3399,0
3400,0
3401,0
3402,0
3403,1
3404,0
3405,1
3406,1
3407,0
3408,0
3409,0
3410,0
3411,1
3412,0
3413,0
3414,1
3415,1
3416,0
3417,0
3418,0
3419,1
3420,0
3421,1
3422,1
3423,1
3424,0
3425,1
3426,1
3427,1
3428,1
3429,0
3430,0
3431,0
3432,0
3433,0
3434,1
3435,0
3436,0
3437,1
3438,0
3439,0
3440,0
3441,0
3442,1
3443,1
3444,0
3445,0
3446,1
3447,1
3448,1
3449,1
3450,1
3451,0
3452,1
3453,1
3454,1
3455,0
3456,1
3457,1
3458,1
3459,1
3460,0
3461,1
3462,1
3463,1
3464,0
3465,0
3466,1
3467,0
3468,0
3469,0
3470,1
3471,1
3472,0
3473,0
3474,1
3475,0
3476,0
3477,0
3478,1
3479,0
3480,1
3481,0
3482,1
3483,1
3484,0
3485,0
3486,0
3487,0
3488,0
3489,1
3490,1
3491,1
3492,1
3493,0
3494,0
3495,1
3496,0
3497,1
3498,0
3499,1
3500,1
3501,0
3502,1
3503,1
3504,1
3505,1
3506,1
3507,0
3508,1
3509,1
3510,0
3511,1
3512,0
3513,0
3514,1
3515,0
3516,0
3517,0
3518,1
3519,1
3520,0
3521,1
3522,1
3523,0
3524,1
3525,0
3526,0
3527,0
3528,1
3529,1
3530,1
3531,1
3532,1
3533,0
3534,0
3535,0
3536,0
3537,0
3538,1
3539,0
3540,0
3541,0
3542,1
3543,1
3544,0
3545,1
3546,0
3547,1
3548,1
3549,1
3550,1
3551,0
3552,1
3553,1
3554,1
3555,1
3556,0
3557,1
3558,1
3559,0
3560,1
3561,0
3562,0
3563,1
3564,1
3565,1
3566,0
3567,1
3568,1
3569,0
3570,0
3571,1
3572,0
3573,1
3574,1
3575,1
3576,0
3577,1
3578,1
3579,1
3580,0
3581,0
3582,1
3583,1
3584,1
3585,0
3586,1
3587,0
3588,1
3589,1
3590,0
3591,0
3592,1
3593,0
3594,1
3595,1
3596,1
3597,1
3598,1
3599,0
3600,1
3601,1
3602,1
3603,1
3604,0
3605,0
3606,0
3607,0
3608,0
3609,1
3610,1
3611,1
3612,0
3613,1
3614,1
3615,0
3616,1
3617,1
3618,1
3619,0
3620,0
3621,1
3622,0
3623,1
3624,0
3625,1
3626,0
3627,0
3628,0
3629,0
3630,0
3631,0
3632,1
3633,1
3634,1
3635,1
3636,1
3637,1
3638,1
3639,0
3640,0
3641,1
3642,0
3643,0
3644,1
3645,1
3646,0
3647,1
3648,0
3649,0
3650,0
3651,1
3652,0
3653,0
3654,1
3655,1
3656,1
3657,1
3658,1
3659,1
3660,1
3661,1
3662,0
3663,0
3664,0
3665,1
3666,0
3667,1
3668,1
3669,1
3670,1
3671,1
3672,1
3673,0
3674,1
3675,0
3676,1
3677,0
3678,1
3679,0
3680,1
3681,0
3682,0
3683,1
3684,1
3685,1
3686,0
3687,0
3688,0
3689,0
3690,0
3691,1
3692,0
3693,0
3694,0
3695,0
3696,1
3697,0
3698,1
3699,1
3700,0
3701,1
3702,1
3703,1
3704,0
3705,1
3706,0
3707,1
3708,1
3709,0
3710,1
3711,1
3712,0
3713,1
3714,1
3715,0
3716,1
3717,1
3718,1
3719,1
3720,1
3721,0
3722,1
3723,1
3724,1
3725,1
3726,1
3727,1
3728,0
3729,1
3730,0
3731,1
3732,1
3733,1
3734,0
3735,0
3736,0
3737,1
3738,1
3739,0
3740,1
3741,1
3742,0
3743,0
3744,1
3745,1
3746,0
3747,0
3748,0
3749,0
3750,0
3751,1
3752,0
3753,1
3754,1
3755,0
3756,1
3757,1
3758,1
3759,0
3760,1
3761,0
3762,1
3763,1
3764,1
3765,0
3766,1
3767,0
3768,0
3769,1
3770,0
3771,0
3772,1
3773,1
3774,0
3775,0
3776,1
3777,0
3778,0
3779,0
3780,0
3781,0
3782,0
3783,0
3784,1
3785,1
3786,1
3787,0
3788,0
3789,0
3790,0
3791,0
3792,0
3793,1
3794,0
3795,1
3796,1
3797,0
3798,0
3799,1
3800,0
3801,1
3802,1
3803,1
3804,1
3805,0
3806,1
3807,1
3808,1
3809,0
3810,1
3811,0
3812,0
3813,0
3814,0
3815,0
3816,1
3817,0
3818,0
3819,1
3820,0
3821,1
3822,1
3823,1
3824,0
3825,1
3826,0
3827,1
3828,0
3829,1
3830,0
3831,1
3832,1
3833,0
3834,0
3835,0
3836,0
3837,1
3838,1
3839,1
3840,1
3841,1
3842,0
3843,0
3844,1
3845,1
3846,1
3847,0
3848,1
3849,0
3850,1
3851,0
3852,0
3853,0
3854,1
3855,0
3856,1
3857,1
3858,1
3859,0
3860,1
3861,0
3862,0
3863,1
3864,1
3865,1
3866,0
3867,1
3868,0
3869,1
3870,1
3871,1
3872,1
3873,0
3874,0
3875,0
3876,1
3877,0
3878,1
3879,0
3880,0
3881,1
3882,0
3883,1
3884,0
3885,0
3886,1
3887,1
3888,1
3889,1
3890,1
3891,0
3892,0
3893,1
3894,1
3895,0
3896,1
3897,1
3898,1
3899,1
3900,1
3901,1
3902,1
3903,1
3904,0
3905,1
3906,1
3907,0
3908,0
3909,0
3910,1
3911,1
3912,0
3913,0
3914,1
3915,0
3916,1
3917,0
3918,0
3919,0
3920,1
3921,1
3922,1
3923,1
3924,1
3925,0
3926,1
3927,0
3928,0
3929,1
3930,0
3931,1
3932,1
3933,1
3934,1
3935,1
3936,0
3937,0
3938,0
3939,1
3940,0
3941,1
3942,0
3943,0
3944,1
3945,1
3946,0
3947,0
3948,1
3949,0
3950,1
3951,1
3952,0
3953,1
3954,1
3955,1
3956,1
3957,1
3958,1
3959,0
3960,1
3961,1
3962,1
3963,0
3964,1
3965,1
3966,0
3967,0
3968,0
3969,1
3970,0
3971,1
3972,0
3973,1
3974,0
3975,0
3976,1
3977,1
3978,1
3979,0
3980,1
3981,1
3982,0
3983,1
3984,0
3985,1
3986,1
3987,1
3988,0
3989,0
3990,0
3991,0
3992,1
3993,0
3994,0
3995,0
3996,0
3997,1
3998,1
3999,1
4000,1
4001,1
4002,0
4003,0
4004,0
4005,1
4006,0
4007,0
4008,1
4009,1
4010,1
4011,0
4012,0
4013,1
4014,1
4015,1
4016,0
4017,0
4018,1
4019,0
4020,0
4021,1
4022,0
4023,0
4024,0
4025,1
4026,0
4027,0
4028,1
4029,0
4030,1
4031,0
4032,0
4033,0
4034,1
4035,0
4036,0
4037,0
4038,0
4039,1
4040,1
4041,0
4042,0
4043,0
4044,1
4045,1
4046,1
4047,0
4048,0
4049,0
4050,0
4051,0
4052,1
4053,1
4054,0
4055,0
4056,1
4057,1
4058,1
4059,1
4060,1
4061,0
4062,0
4063,0
4064,0
4065,1
4066,1
4067,1
4068,1
4069,0
4070,1
4071,1
4072,1
4073,0
4074,1
4075,0
4076,1
4077,1
4078,1
4079,1
4080,0
4081,0
4082,1
4083,0
4084,0
4085,0
4086,1
4087,1
4088,0
4089,0
4090,1
4091,1
4092,1
4093,1
4094,0
4095,0
4096,1
4097,0
4098,0
4099,1
4100,1
4101,0
4102,1
4103,1
4104,1
4105,1
4106,0
4107,1
4108,1
4109,0
4110,1
4111,1
4112,1
4113,0
4114,1
4115,1
4116,0
4117,1
4118,0
4119,1
4120,1
4121,0
4122,0
4123,0
4124,0
4125,1
4126,0
4127,0
4128,1
4129,1
4130,1
4131,1
4132,0
4133,0
4134,1
4135,0
4136,1
4137,1
4138,1
4139,1
4140,0
4141,0
4142,1
4143,1
4144,1
4145,1
4146,1
4147,1
4148,1
4149,0
4150,1
4151,1
4152,0
4153,1
4154,1
4155,0
4156,1
4157,1
4158,0
4159,1
4160,0
4161,1
4162,0
4163,0
4164,0
4165,1
4166,0
4167,1
4168,0
4169,1
4170,0
4171,0
4172,0
4173,1
4174,0
4175,1
4176,1
4177,0
4178,1
4179,1
4180,1
4181,1
4182,0
4183,0
4184,1
4185,0
4186,0
4187,1
4188,0
4189,0
4190,1
4191,1
4192,0
4193,1
4194,0
4195,1
4196,1
4197,1
4198,0
4199,0
4200,1
4201,0
4202,1
4203,1
4204,0
4205,1
4206,0
4207,1
4208,0
4209,1
4210,0
4211,1
4212,0
4213,0
4214,0
4215,1
4216,1
4217,0
4218,1
4219,0
4220,0
4221,1
4222,1
4223,1
4224,1
4225,1
4226,1
4227,0
4228,1
4229,1
4230,1
4231,1
4232,0
4233,0
4234,0
4235,0
4236,0
4237,0
4238,1
4239,0
4240,0
4241,1
4242,0
4243,1
4244,1
4245,1
4246,1
4247,1
4248,1
4249,0
4250,0
4251,1
4252,0
4253,1
4254,0
4255,1
4256,0
4257,0
4258,1
4259,0
4260,0
4261,1
4262,0
4263,1
4264,1
4265,0
4266,1
4267,1
4268,0
4269,1
4270,0
4271,0
4272,1
4273,0
4274,0
4275,1
4276,0
4277,1
4278,1
4279,0
4280,1
4281,1
4282,0
4283,1
4284,0
4285,0
4286,0
4287,1
4288,0
4289,1
4290,0
4291,0
4292,1
4293,0
4294,1
4295,0
4296,1
4297,0
4298,1
4299,1
4300,0
4301,1
4302,0
4303,1
4304,1
4305,1
4306,0
4307,0
4308,1
4309,0
4310,0
4311,1
4312,0
4313,0
4314,0
4315,0
4316,0
4317,0
4318,0
4319,1
4320,1
4321,1
4322,1
4323,0
4324,0
4325,1
4326,1
4327,1
4328,0
4329,1
4330,1
4331,1
4332,0
4333,1
4334,1
4335,1
4336,0
4337,0
4338,0
4339,0
4340,1
4341,0
4342,1
4343,0
4344,1
4345,1
4346,1
4347,1
4348,0
4349,1
4350,1
4351,1
4352,1
4353,0
4354,1
4355,1
4356,0
4357,1
4358,1
4359,1
4360,1
4361,1
4362,0
4363,1
4364,0
4365,1
4366,0
4367,0
4368,1
4369,1
4370,1
4371,0
4372,0
4373,1
4374,1
4375,1
4376,0
4377,0
4378,1
4379,0
4380,0
4381,1
4382,0
4383,1
4384,0
4385,0
4386,0
4387,1
4388,0
4389,1
4390,1
4391,1
4392,1
4393,0
4394,1
4395,0
4396,1
4397,1
4398,1
4399,0
4400,1
4401,0
4402,1
4403,1
4404,0
4405,1
4406,0
4407,0
4408,1
4409,1
4410,0
4411,0
4412,0
4413,0
4414,1
4415,1
4416,0
4417,1
4418,1
4419,0
4420,0
4421,0
4422,0
4423,0
4424,0
4425,1
4426,1
4427,1
4428,0
4429,0
4430,0
4431,0
4432,1
4433,0
4434,0
4435,0
4436,1
4437,0
4438,0
4439,0
4440,1
4441,0
4442,0
4443,1
4444,0
4445,0
4446,0
4447,1
4448,1
4449,0
4450,0
4451,0
4452,0
4453,0
4454,1
4455,0
4456,1
4457,1
4458,1
4459,1
4460,1
4461,1
4462,1
4463,1
4464,0
4465,0
4466,0
4467,0
4468,1
4469,0
4470,0
4471,1
4472,1
4473,1
4474,0
4475,1
4476,1
4477,1
4478,0
4479,1
4480,0
4481,1
4482,0
4483,1
4484,1
4485,0
4486,1
4487,0
4488,1
4489,1
4490,1
4491,1
4492,1
4493,0
4494,1
4495,0
4496,1
4497,0
4498,1
4499,1
4500,1
4501,0
4502,0
4503,0
4504,0
4505,0
4506,0
4507,1
4508,0
4509,0
4510,0
4511,1
4512,1
4513,0
4514,1
4515,0
4516,0
4517,1
4518,1
4519,1
4520,0
4521,1
4522,0
4523,1
4524,0
4525,0
4526,0
4527,0
4528,0
4529,1
4530,0
4531,0
4532,0
4533,1
4534,0
4535,1
4536,0
4537,0
4538,1
4539,0
4540,0
4541,1
4542,1
4543,0
4544,1
4545,1
4546,1
4547,0
4548,1
4549,0
4550,1
4551,1
4552,1
4553,1
4554,0
4555,1
4556,1
4557,0
4558,0
4559,0
4560,0
4561,1
4562,0
4563,0
4564,1
4565,1
4566,1
4567,0
4568,1
4569,0
4570,1
4571,0
4572,1
4573,0
4574,0
4575,0
4576,1
4577,1
4578,0
4579,0
4580,1
4581,0
4582,1
4583,0
4584,1
4585,1
4586,0
4587,0
4588,1
4589,1
4590,0
4591,0
4592,0
4593,0
4594,1
4595,1
4596,0
4597,0
4598,1
4599,1
4600,1
4601,0
4602,0
4603,1
4604,0
4605,1
4606,0
4607,0
4608,0
4609,1
4610,1
4611,1
4612,0
4613,1
4614,1
4615,0
4616,0
4617,1
4618,0
4619,1
4620,0
4621,1
4622,0
4623,0
4624,1
4625,0
4626,1
4627,0
4628,0
4629,0
4630,0
4631,1
4632,0
4633,1
4634,1
4635,1
4636,1
4637,0
4638,0
4639,0
4640,1
4641,1
4642,1
4643,0
4644,1
4645,1
4646,1
4647,0
4648,0
4649,1
4650,0
4651,1
4652,1
4653,0
4654,1
4655,1
4656,0
4657,1
4658,0
4659,0
4660,1
4661,0
4662,1
4663,1
4664,0
4665,1
4666,1
4667,1
4668,1
4669,1
4670,0
4671,1
4672,0
4673,0
4674,1
4675,1
4676,1
4677,0
4678,1
4679,1
4680,1
4681,0
4682,1
4683,0
4684,1
4685,0
4686,0
4687,0
4688,0
4689,0
4690,1
4691,1
4692,1
4693,0
4694,1
4695,1
4696,1
4697,0
4698,1
4699,0
4700,1
4701,1
4702,0
4703,0
4704,0
4705,1
4706,0
4707,1
4708,1
4709,1
4710,1
4711,1
4712,1
4713,1
4714,1
4715,0
4716,1
4717,1
4718,0
4719,1
4720,1
4721,1
4722,0
4723,1
4724,0
4725,0
4726,1
4727,0
4728,0
4729,1
4730,0
4731,0
4732,0
4733,0
4734,0
4735,0
4736,0
4737,0
4738,1
4739,0
4740,0
4741,1
4742,0
4743,0
4744,1
4745,0
4746,0
4747,1
4748,1
4749,0
4750,1
4751,1
4752,0
4753,1
4754,1
4755,0
4756,0
4757,0
4758,0
4759,1
4760,0
4761,0
4762,0
4763,1
4764,0
4765,1
4766,1
4767,0
4768,1
4769,1
4770,1
4771,0
4772,1
4773,1
4774,1
4775,1
4776,1
4777,0
4778,1
4779,1
4780,1
4781,1
4782,0
4783,0
4784,0
4785,0
4786,0
4787,0
4788,0
4789,0
4790,0
4791,1
4792,0
4793,1
4794,1
4795,0
4796,0
4797,1
4798,0
4799,0
4800,1
4801,1
4802,1
4803,1
4804,1
4805,0
4806,0
4807,0
4808,1
4809,0
4810,0
4811,0
4812,0
4813,1
4814,0
4815,0
4816,0
4817,1
4818,1
4819,1
4820,1
4821,1
4822,1
4823,0
4824,0
4825,1
4826,0
4827,1
4828,1
4829,0
4830,0
4831,0
4832,1
4833,0
4834,1
4835,0
4836,1
4837,1
4838,0
4839,0
4840,1
4841,1
4842,1
4843,1
4844,0
4845,0
4846,1
4847,1
4848,1
4849,0
4850,0
4851,1
4852,1
4853,0
4854,1
4855,1
4856,0
4857,1
4858,0
4859,0
4860,0
4861,0
4862,0
4863,1
4864,1
4865,1
4866,0
4867,1
4868,1
4869,1
4870,0
4871,0
4872,1
4873,0
4874,0
4875,1
4876,1
4877,1
4878,1
4879,1
4880,1
4881,0
4882,0
4883,1
4884,0
4885,1
4886,1
4887,0
4888,1
4889,0
4890,1
4891,1
4892,0
4893,0
4894,0
4895,0
4896,0
4897,1
4898,1
4899,1
4900,1
4901,0
4902,0
4903,1
4904,1
4905,0
4906,1
4907,1
4908,0
4909,1
4910,1
4911,1
4912,1
4913,0
4914,1
4915,1
4916,1
4917,1
4918,0
4919,0
4920,1
4921,0
4922,0
4923,1
4924,1
4925,0
4926,0
4927,0
4928,1
4929,1
4930,1
4931,0
4932,0
4933,1
4934,0
4935,1
4936,1
4937,1
4938,0
4939,0
4940,0
4941,1
4942,1
4943,1
4944,0
4945,0
4946,1
4947,1
4948,0
4949,0
4950,0
4951,0
4952,0
4953,1
4954,0
4955,0
4956,1
4957,0
4958,0
4959,1
4960,1
4961,0
4962,0
4963,0
4964,1
4965,1
4966,1
4967,1
4968,1
4969,1
4970,0
4971,1
4972,1
4973,0
4974,1
4975,1
4976,0
4977,0
4978,1
4979,0
4980,0
4981,1
4982,0
4983,1
4984,0
4985,1
4986,1
4987,1
4988,1
4989,0
4990,1
4991,1
4992,0
4993,1
4994,0
4995,1
4996,0
4997,1
4998,0
4999,1
5000,0
5001,1
5002,1
5003,1
5004,1
5005,0
5006,1
5007,0
5008,1
5009,1
5010,1
5011,1
5012,1
5013,0
5014,0
5015,1
5016,1
5017,1
5018,0
5019,0
5020,0
5021,1
5022,0
5023,1
5024,0
5025,1
5026,1
5027,0
5028,0
5029,0
5030,1
5031,1
5032,0
5033,0
5034,0
5035,0
5036,0
5037,1
5038,1
5039,1
5040,1
5041,0
5042,0
5043,0
5044,0
5045,1
5046,0
5047,0
5048,1
5049,0
5050,1
5051,1
5052,0
5053,1
5054,1
5055,0
5056,1
5057,0
5058,1
5059,0
5060,0
5061,0
5062,1
5063,0
5064,1
5065,0
5066,0
5067,1
5068,0
5069,1
5070,0
5071,0
5072,0
5073,0
5074,0
5075,0
5076,0
5077,1
5078,1
5079,1
5080,0
5081,1
5082,0
5083,1
5084,0
5085,0
5086,1
5087,1
5088,0
5089,0
5090,0
5091,1
5092,1
5093,1
5094,0
5095,1
5096,1
5097,0
5098,0
5099,0
5100,0
5101,0
5102,1
5103,1
5104,0
5105,0
5106,0
5107,0
5108,0
5109,0
5110,0
5111,0
5112,0
5113,0
5114,0
5115,1
5116,0
5117,1
5118,1
5119,1
5120,0
5121,1
5122,0
5123,0
5124,1
5125,0
5126,0
5127,0
5128,0
5129,0
5130,0
5131,1
5132,1
5133,0
5134,0
5135,0
5136,1
5137,0
5138,0
5139,1
5140,0
5141,1
5142,1
5143,0
5144,0
5145,1
5146,1
5147,1
5148,0
5149,1
5150,0
5151,0
5152,1
5153,1
5154,1
5155,0
5156,1
5157,0
5158,0
5159,1
5160,0
5161,0
5162,1
5163,0
5164,1
5165,1
5166,1
5167,1
5168,0
5169,0
5170,1
5171,1
5172,0
5173,0
5174,1
5175,0
5176,1
5177,0
5178,1
5179,0
5180,0
5181,0
5182,0
5183,0
5184,0
5185,0
5186,1
5187,0
5188,0
5189,0
5190,0
5191,1
5192,0
5193,0
5194,1
5195,1
5196,1
5197,0
5198,0
5199,0
5200,1
5201,0
5202,0
5203,0
5204,0
5205,0
5206,0
5207,0
5208,0
5209,1
5210,1
5211,0
5212,0
5213,0
5214,0
5215,1
5216,0
5217,1
5218,0
5219,1
5220,0
5221,0
5222,0
5223,1
5224,1
5225,1
5226,1
5227,1
5228,0
5229,0
5230,1
5231,0
5232,1
5233,1
5234,1
5235,1
5236,0
5237,1
5238,1
5239,0
5240,0
5241,0
5242,0
5243,1
5244,1
5245,1
5246,1
5247,0
5248,1
5249,0
5250,1
5251,0
5252,0
5253,1
5254,1
5255,1
5256,1
5257,0
5258,0
5259,1
5260,0
5261,0
5262,0
5263,1
5264,1
5265,1
5266,0
5267,0
5268,0
5269,1
5270,1
5271,1
5272,1
5273,1
5274,0
5275,1
5276,0
5277,0
5278,1
5279,0
5280,1
5281,1
5282,0
5283,1
5284,0
5285,1
5286,1
5287,1
5288,0
5289,0
5290,0
5291,1
5292,0
5293,1
5294,0
5295,1
5296,0
5297,0
5298,1
5299,1
5300,0
5301,0
5302,0
5303,1
5304,0
5305,1
5306,0
5307,0
5308,0
5309,1
5310,1
5311,0
5312,0
5313,0
5314,1
5315,1
5316,1
5317,1
5318,1
5319,1
5320,0
5321,1
5322,0
5323,1
5324,0
5325,1
5326,1
5327,1
5328,1
5329,0
5330,0
5331,1
5332,1
5333,0
5334,0
5335,0
5336,1
5337,1
5338,0
5339,1
5340,1
5341,1
5342,1
5343,0
5344,1
5345,1
5346,0
5347,0
5348,0
5349,1
5350,1
5351,1
5352,0
5353,0
5354,0
5355,1
5356,0
5357,0
5358,1
5359,1
5360,0
5361,1
5362,1
5363,1
5364,1
5365,1
5366,0
5367,0
5368,0
5369,1
5370,0
5371,0
5372,1
5373,0
5374,1
5375,0
5376,1
5377,1
5378,1
5379,0
5380,1
5381,0
5382,1
5383,1
5384,0
5385,1
5386,0
5387,1
5388,0
5389,1
5390,1
5391,0
5392,1
5393,0
5394,1
5395,0
5396,1
5397,0
5398,0
5399,1
5400,1
5401,0
5402,1
5403,1
5404,0
5405,0
5406,1
5407,1
5408,1
5409,0
5410,1
5411,0
5412,0
5413,0
5414,0
5415,1
5416,1
5417,1
5418,1
5419,0
5420,0
5421,1
5422,1
5423,0
5424,1
5425,1
5426,0
5427,0
5428,0
5429,1
5430,0
5431,0
5432,0
5433,0
5434,0
5435,0
5436,0
5437,1
5438,0
5439,0
5440,0
5441,1
5442,1
5443,0
5444,1
5445,0
5446,1
5447,1
5448,0
5449,0
5450,1
5451,0
5452,0
5453,0
5454,1
5455,1
5456,1
5457,0
5458,0
5459,1
5460,0
5461,0
5462,0
5463,0
5464,0
5465,1
5466,1
5467,1
5468,1
5469,1
5470,0
5471,1
5472,0
5473,0
5474,0
5475,0
5476,1
5477,0
5478,1
5479,1
5480,1
5481,0
5482,0
5483,0
5484,1
5485,1
5486,0
5487,0
5488,1
5489,0
5490,1
5491,0
5492,0
5493,1
5494,1
5495,1
5496,0
5497,1
5498,0
5499,1
5500,0
5501,0
5502,1
5503,0
5504,1
5505,0
5506,1
5507,0
5508,1
5509,0
5510,0
5511,1
5512,1
5513,0
5514,0
5515,0
5516,0
5517,0
5518,1
5519,1
5520,0
5521,0
5522,0
5523,0
5524,0
5525,1
5526,1
5527,0
5528,0
5529,1
5530,0
5531,1
5532,1
5533,1
5534,1
5535,0
5536,1
5537,1
5538,0
5539,1
5540,0
5541,1
5542,0
5543,1
5544,1
5545,1
5546,0
5547,0
5548,0
5549,1
5550,0
5551,1
5552,1
5553,0
5554,1
5555,1
5556,1
5557,0
5558,1
5559,0
5560,1
5561,1
5562,0
5563,1
5564,0
5565,1
5566,0
5567,0
5568,0
5569,0
5570,1
5571,1
5572,0
5573,0
5574,0
5575,0
5576,1
5577,0
5578,1
5579,0
5580,1
5581,0
5582,1
5583,0
5584,0
5585,1
5586,1
5587,1
5588,0
5589,0
5590,1
5591,1
5592,1
5593,1
5594,0
5595,0
5596,0
5597,1
5598,1
5599,1
5600,1
5601,1
5602,1
5603,0
5604,0
5605,0
5606,1
5607,0
5608,1
5609,1
5610,1
5611,1
5612,0
5613,0
5614,1
5615,1
5616,0
5617,0
5618,0
5619,0
5620,0
5621,1
5622,1
5623,1
5624,1
5625,0
5626,0
5627,0
5628,1
5629,1
5630,0
5631,0
5632,0
5633,0
5634,0
5635,1
5636,1
5637,1
5638,0
5639,1
5640,0
5641,0
5642,1
5643,0
5644,0
5645,1
5646,0
5647,0
5648,1
5649,0
5650,1
5651,1
5652,1
5653,1
5654,0
5655,0
5656,0
5657,0
5658,0
5659,1
5660,1
5661,0
5662,1
5663,0
5664,0
5665,0
5666,1
5667,1
5668,0
5669,1
5670,1
5671,0
5672,1
5673,1
5674,0
5675,1
5676,0
5677,0
5678,0
5679,0
5680,0
5681,0
5682,1
5683,0
5684,0
5685,0
5686,1
5687,1
5688,1
5689,1
5690,0
5691,1
5692,1
5693,1
5694,1
5695,1
5696,1
5697,0
5698,0
5699,1
5700,1
5701,1
5702,0
5703,0
5704,0
5705,0
5706,1
5707,1
5708,1
5709,0
5710,0
5711,1
5712,1
5713,1
5714,1
5715,0
5716,1
5717,1
5718,1
5719,1
5720,0
5721,0
5722,1
5723,0
5724,1
5725,1
5726,0
5727,0
5728,1
5729,0
5730,1
5731,1
5732,1
5733,1
5734,0
5735,1
5736,1
5737,0
5738,1
5739,1
5740,0
5741,0
5742,0
5743,0
5744,0
5745,0
5746,1
5747,1
5748,0
5749,0
5750,0
5751,0
5752,0
5753,1
5754,1
5755,1
5756,1
5757,1
5758,1
5759,0
5760,0
5761,1
5762,1
5763,1
5764,1
5765,1
5766,0
5767,0
5768,0
5769,1
5770,0
5771,1
5772,1
5773,1
5774,0
5775,1
5776,0
5777,0
5778,1
5779,1
5780,0
5781,0
5782,1
5783,1
5784,1
5785,0
5786,0
5787,0
5788,0
5789,0
5790,0
5791,1
5792,1
5793,0
5794,0
5795,1
5796,0
5797,1
5798,1
5799,1
5800,1
5801,0
5802,1
5803,1
5804,0
5805,0
5806,1
5807,0
5808,0
5809,0
5810,1
5811,0
5812,0
5813,1
5814,0
5815,1
5816,0
5817,1
5818,0
5819,1
5820,1
5821,0
5822,0
5823,0
5824,1
5825,1
5826,1
5827,1
5828,1
5829,1
5830,1
5831,1
5832,0
5833,1
5834,1
5835,1
5836,0
5837,0
5838,0
5839,1
5840,1
5841,1
5842,1
5843,1
5844,1
5845,0
5846,1
5847,0
5848,1
5849,1
5850,1
5851,1
5852,0
5853,1
5854,0
5855,1
5856,1
5857,0
5858,0
5859,1
5860,0
5861,0
5862,0
5863,0
5864,0
5865,1
5866,1
5867,1
5868,1
5869,0
5870,1
5871,0
5872,1
5873,1
5874,0
5875,0
5876,1
5877,1
5878,1
5879,0
5880,0
5881,0
5882,1
5883,1
5884,1
5885,0
5886,0
5887,0
5888,1
5889,1
5890,0
5891,1
5892,0
5893,0
5894,1
5895,1
5896,1
5897,0
5898,0
5899,0
5900,1
5901,1
5902,0
5903,0
5904,0
5905,0
5906,0
5907,0
5908,1
5909,1
5910,0
5911,0
5912,1
5913,0
5914,0
5915,1
5916,1
5917,1
5918,1
5919,0
5920,1
5921,0
5922,0
5923,0
5924,1
5925,0
5926,0
5927,1
5928,1
5929,0
5930,0
5931,1
5932,1
5933,1
5934,1
5935,1
5936,1
5937,0
5938,1
5939,0
5940,0
5941,0
5942,0
5943,1
5944,1
5945,1
5946,0
5947,0
5948,0
5949,0
5950,0
5951,0
5952,1
5953,1
5954,0
5955,1
5956,0
5957,1
5958,0
5959,1
5960,1
5961,0
5962,1
5963,1
5964,0
5965,1
5966,0
5967,1
5968,0
5969,0
5970,1
5971,1
5972,0
5973,1
5974,0
5975,0
5976,1
5977,0
5978,1
5979,1
5980,0
5981,0
5982,1
5983,0
5984,0
5985,1
5986,1
5987,0
5988,0
5989,0
5990,1
5991,1
5992,0
5993,0
5994,1
5995,1
5996,1
5997,0
5998,1
5999,0
6000,1
6001,0
6002,1
6003,0
6004,0
6005,1
6006,1
6007,1
6008,0
6009,0
6010,0
6011,1
6012,1
6013,1
6014,0
6015,0
6016,0
6017,0
6018,1
6019,0
6020,1
6021,1
6022,0
6023,0
6024,0
6025,0
6026,0
6027,0
6028,1
6029,1
6030,0
6031,1
6032,0
6033,1
6034,0
6035,0
6036,1
6037,0
6038,1
6039,1
6040,0
6041,1
6042,0
6043,0
6044,0
6045,0
6046,1
6047,0
6048,0
6049,0
6050,0
6051,1
6052,0
6053,0
6054,1
6055,1
6056,0
6057,0
6058,0
6059,1
6060,1
6061,0
6062,1
6063,0
6064,0
6065,0
6066,1
6067,0
6068,1
6069,0
6070,1
6071,0
6072,0
6073,0
6074,1
6075,1
6076,0
6077,1
6078,1
6079,0
6080,0
6081,1
6082,1
6083,1
6084,0
6085,0
6086,1
6087,1
6088,0
6089,1
6090,1
6091,0
6092,1
6093,1
6094,1
6095,1
6096,0
6097,0
6098,0
6099,0
6100,1
6101,1
6102,0
6103,0
6104,0
6105,1
6106,0
6107,1
6108,0
6109,0
6110,1
6111,0
6112,1
6113,1
6114,1
6115,0
6116,0
6117,1
6118,0
6119,1
6120,0
6121,1
6122,0
6123,0
6124,0
6125,0
6126,1
6127,0
6128,1
6129,1
6130,0
6131,1
6132,1
6133,0
6134,0
6135,0
6136,0
6137,1
6138,0
6139,0
6140,0
6141,0
6142,0
6143,1
6144,0
6145,0
6146,1
6147,1
6148,0
6149,1
6150,1
6151,1
6152,0
6153,0
6154,1
6155,1
6156,0
6157,1
6158,1
6159,1
6160,1
6161,1
6162,1
6163,0
6164,0
6165,0
6166,1
6167,0
6168,0
6169,0
6170,1
6171,1
6172,0
6173,1
6174,1
6175,1
6176,0
6177,1
6178,1
6179,1
6180,1
6181,1
6182,0
6183,0
6184,0
6185,0
6186,1
6187,0
6188,1
6189,0
6190,1
6191,0
6192,1
6193,0
6194,0
6195,1
6196,0
6197,0
6198,1
6199,1
6200,0
6201,1
6202,1
6203,0
6204,1
6205,0
6206,0
6207,0
6208,0
6209,0
6210,1
6211,1
6212,1
6213,1
6214,0
6215,1
6216,0
6217,0
6218,1
6219,1
6220,0
6221,1
6222,1
6223,1
6224,0
6225,1
6226,1
6227,1
6228,1
6229,1
6230,0
6231,1
6232,0
6233,0
6234,0
6235,0
6236,1
6237,1
6238,0
6239,0
6240,0
6241,0
6242,0
6243,0
6244,1
6245,0
6246,0
6247,1
6248,0
6249,0
6250,0
6251,0
6252,0
6253,0
6254,0
6255,0
6256,1
6257,0
6258,1
6259,1
6260,0
6261,1
6262,1
6263,0
6264,1
6265,1
6266,1
6267,0
6268,0
6269,0
6270,1
6271,0
6272,0
6273,1
6274,1
6275,1
6276,1
6277,1
6278,0
6279,0
6280,0
6281,0
6282,0
6283,0
6284,0
6285,1
6286,0
6287,0
6288,0
6289,0
6290,1
6291,0
6292,0
6293,1
6294,0
6295,1
6296,1
6297,0
6298,1
6299,0
6300,1
6301,1
6302,0
6303,1
6304,1
6305,1
6306,1
6307,0
6308,1
6309,0
6310,1
6311,1
6312,0
6313,0
6314,1
6315,1
6316,1
6317,1
6318,1
6319,1
6320,1
6321,1
6322,0
6323,1
6324,1
6325,1
6326,0
6327,0
6328,1
6329,1
6330,1
6331,1
6332,1
6333,0
6334,1
6335,0
6336,0
6337,0
6338,1
6339,0
6340,1
6341,0
6342,1
6343,0
6344,1
6345,0
6346,1
6347,0
6348,0
6349,1
6350,1
6351,1
6352,1
6353,0
6354,1
6355,1
6356,0
6357,1
6358,0
6359,1
6360,0
6361,0
6362,0
6363,1
6364,1
6365,1
6366,1
6367,1
6368,1
6369,1
6370,1
6371,0
6372,1
6373,1
6374,0
6375,0
6376,0
6377,1
6378,1
6379,1
6380,1
6381,1
6382,0
6383,0
6384,0
6385,1
6386,1
6387,0
6388,0
6389,0
6390,1
6391,1
6392,1
6393,0
6394,0
6395,1
6396,0
6397,1
6398,0
6399,0
6400,1
6401,0
6402,1
6403,0
6404,0
6405,0
6406,1
6407,0
6408,0
6409,1
6410,1
6411,1
6412,0
6413,1
6414,0
6415,0
6416,0
6417,0
6418,0
6419,1
6420,1
6421,0
6422,0
6423,0
6424,0
6425,0
6426,1
6427,1
6428,1
6429,0
6430,0
6431,0
6432,1
6433,0
6434,1
6435,0
6436,0
6437,0
6438,0
6439,0
6440,1
6441,1
6442,0
6443,1
6444,0
6445,0
6446,0
6447,0
6448,1
6449,1
6450,0
6451,1
6452,1
6453,0
6454,0
6455,1
6456,0
6457,0
6458,0
6459,1
6460,0
6461,1
6462,1
6463,1
6464,1
6465,1
6466,1
6467,0
6468,0
6469,0
6470,0
6471,0
6472,0
6473,1
6474,0
6475,0
6476,1
6477,1
6478,1
6479,1
6480,0
6481,1
6482,1
6483,0
6484,0
6485,1
6486,0
6487,1
6488,0
6489,1
6490,0
6491,0
6492,0
6493,1
6494,1
6495,0
6496,0
6497,0
6498,1
6499,1
6500,0
6501,1
6502,0
6503,1
6504,1
6505,1
6506,0
6507,0
6508,0
6509,1
6510,1
6511,1
6512,0
6513,0
6514,1
6515,0
6516,0
6517,1
6518,1
6519,0
6520,0
6521,0
6522,0
6523,0
6524,1
6525,1
6526,1
6527,0
6528,0
6529,0
6530,1
6531,0
6532,1
6533,0
6534,0
6535,1
6536,0
6537,1
6538,0
6539,0
6540,0
6541,1
6542,0
6543,1
6544,1
6545,0
6546,1
6547,1
6548,0
6549,0
6550,1
6551,1
6552,1
6553,0
6554,0
6555,1
6556,1
6557,0
6558,0
6559,1
6560,1
6561,0
6562,1
6563,0
6564,0
6565,0
6566,0
6567,0
6568,1
6569,1
6570,0
6571,0
6572,1
6573,0
6574,0
6575,0
6576,1
6577,0
6578,1
6579,0
6580,0
6581,0
6582,0
6583,0
6584,0
6585,1
6586,0
6587,1
6588,1
6589,1
6590,1
6591,1
6592,1
6593,1
6594,1
6595,0
6596,1
6597,0
6598,1
6599,0
6600,0
6601,0
6602,0
6603,0
6604,1
6605,1
6606,0
6607,1
6608,1
6609,0
6610,1
6611,0
6612,1
6613,1
6614,0
6615,0
6616,0
6617,1
6618,0
6619,0
6620,0
6621,1
6622,0
6623,1
6624,0
6625,1
6626,0
6627,1
6628,1
6629,0
6630,0
6631,1
6632,1
6633,0
6634,1
6635,1
6636,0
6637,1
6638,0
6639,0
6640,1
6641,1
6642,1
6643,0
6644,0
6645,1
6646,1
6647,1
6648,0
6649,1
6650,0
6651,1
6652,0
6653,0
6654,0
6655,1
6656,0
6657,1
6658,1
6659,1
6660,1
6661,1
6662,0
6663,1
6664,1
6665,1
6666,1
6667,1
6668,1
6669,0
6670,0
6671,0
6672,0
6673,0
6674,0
6675,1
6676,0
6677,0
6678,1
6679,1
6680,1
6681,0
6682,0
6683,1
6684,1
6685,0
6686,0
6687,1
6688,0
6689,0
6690,1
6691,0
6692,1
6693,1
6694,0
6695,0
6696,1
6697,0
6698,1
6699,1
6700,1
6701,1
6702,0
6703,1
6704,1
6705,1
6706,0
6707,1
6708,1
6709,0
6710,1
6711,0
6712,0
6713,0
6714,1
6715,0
6716,1
6717,1
6718,0
6719,1
6720,0
6721,1
6722,1
6723,1
6724,0
6725,0
6726,0
6727,0
6728,0
6729,0
6730,1
6731,0
6732,0
6733,0
6734,1
6735,1
6736,1
6737,0
6738,1
6739,0
6740,0
6741,0
6742,0
6743,0
6744,1
6745,0
6746,0
6747,0
6748,1
6749,0
6750,1
6751,0
6752,0
6753,0
6754,1
6755,0
6756,1
6757,1
6758,0
6759,1
6760,0
6761,0
6762,1
6763,1
6764,0
6765,1
6766,1
6767,1
6768,1
6769,0
6770,1
6771,1
6772,0
6773,0
6774,0
6775,1
6776,1
6777,1
6778,0
6779,1
6780,0
6781,0
6782,0
6783,1
6784,0
6785,0
6786,1
6787,1
6788,1
6789,1
6790,0
6791,1
6792,1
6793,0
6794,1
6795,0
6796,1
6797,0
6798,1
6799,0
6800,0
6801,0
6802,1
6803,0
6804,0
6805,0
6806,1
6807,1
6808,1
6809,0
6810,0
6811,0
6812,0
6813,1
6814,0
6815,1
6816,1
6817,0
6818,0
6819,1
6820,1
6821,1
6822,1
6823,0
6824,1
6825,0
6826,1
6827,0
6828,0
6829,0
6830,1
6831,0
6832,0
6833,1
6834,0
6835,1
6836,1
6837,0
6838,0
6839,0
6840,1
6841,0
6842,0
6843,0
6844,0
6845,0
6846,1
6847,1
6848,1
6849,1
6850,0
6851,0
6852,1
6853,1
6854,0
6855,0
6856,1
6857,1
6858,1
6859,1
6860,1
6861,0
6862,1
6863,0
6864,0
6865,1
6866,1
6867,1
6868,1
6869,1
6870,1
6871,1
6872,0
6873,0
6874,0
6875,0
6876,1
6877,1
6878,0
6879,1
6880,0
6881,0
6882,1
6883,1
6884,0
6885,1
6886,1
6887,1
6888,1
6889,1
6890,1
6891,1
6892,1
6893,0
6894,1
6895,1
6896,1
6897,1
6898,1
6899,0
6900,0
6901,0
6902,0
6903,0
6904,0
6905,1
6906,1
6907,0
6908,0
6909,1
6910,1
6911,1
6912,0
6913,1
6914,0
6915,0
6916,0
6917,1
6918,1
6919,1
6920,0
6921,0
6922,0
6923,1
6924,1
6925,1
6926,1
6927,0
6928,1
6929,0
6930,0
6931,0
6932,0
6933,1
6934,0
6935,0
6936,0
6937,0
6938,1
6939,0
6940,1
6941,0
6942,0
6943,1
6944,1
6945,1
6946,1
6947,1
6948,1
6949,0
6950,0
6951,1
6952,1
6953,1
6954,0
6955,0
6956,1
6957,0
6958,1
6959,1
6960,0
6961,0
6962,1
6963,1
6964,1
6965,0
6966,1
6967,0
6968,0
6969,1
6970,0
6971,1
6972,0
6973,1
6974,0
6975,0
6976,0
6977,1
6978,1
6979,1
6980,1
6981,0
6982,0
6983,1
6984,0
6985,1
6986,0
6987,1
6988,0
6989,0
6990,0
6991,0
6992,1
6993,0
6994,0
6995,0
6996,0
6997,1
6998,1
6999,0
7000,0
7001,0
7002,0
7003,0
7004,0
7005,0
7006,1
7007,1
7008,0
7009,1
7010,1
7011,0
7012,1
7013,1
7014,0
7015,1
7016,0
7017,1
7018,1
7019,0
7020,0
7021,1
7022,0
7023,0
7024,1
7025,1
7026,1
7027,1
7028,1
7029,0
7030,1
7031,1
7032,1
7033,0
7034,1
7035,1
7036,1
7037,0
7038,0
7039,1
7040,1
7041,0
7042,0
7043,0
7044,0
7045,1
7046,1
7047,1
7048,1
7049,0
7050,1
7051,1
7052,1
7053,0
7054,0
7055,1
7056,0
7057,1
7058,0
7059,0
7060,0
7061,0
7062,1
7063,1
7064,1
7065,1
7066,0
7067,1
7068,0
7069,0
7070,0
7071,0
7072,1
7073,1
7074,1
7075,0
7076,1
7077,1
7078,0
7079,1
7080,1
7081,0
7082,1
7083,0
7084,0
7085,0
7086,0
7087,1
7088,1
7089,1
7090,1
7091,0
7092,0
7093,1
7094,1
7095,1
7096,0
7097,0
7098,0
7099,1
7100,1
7101,0
7102,1
7103,0
7104,1
7105,1
7106,1
7107,0
7108,1
7109,1
7110,1
7111,1
7112,1
7113,1
7114,1
7115,0
7116,0
7117,0
7118,0
7119,0
7120,0
7121,1
7122,1
7123,0
7124,1
7125,1
7126,0
7127,0
7128,0
7129,0
7130,1
7131,0
7132,0
7133,0
7134,0
7135,1
7136,0
7137,1
7138,0
7139,0
7140,0
7141,1
7142,1
7143,1
7144,1
7145,0
7146,1
7147,1
7148,0
7149,1
7150,1
7151,1
7152,1
7153,0
7154,0
7155,0
7156,0
7157,1
7158,1
7159,1
7160,1
7161,0
7162,1
7163,1
7164,1
7165,1
7166,0
7167,0
7168,0
7169,0
7170,1
7171,0
7172,1
7173,1
7174,1
7175,1
7176,1
7177,0
7178,1
7179,0
7180,1
7181,1
7182,0
7183,0
7184,0
7185,0
7186,1
7187,0
7188,0
7189,1
7190,1
7191,0
7192,0
7193,0
7194,0
7195,0
7196,1
7197,1
7198,1
7199,1
7200,0
7201,1
7202,1
7203,0
7204,1
7205,0
7206,1
7207,1
7208,1
7209,0
7210,1
7211,1
7212,1
7213,0
7214,1
7215,1
7216,1
7217,1
7218,1
7219,0
7220,0
7221,1
7222,1
7223,0
7224,1
7225,0
7226,0
7227,0
7228,1
7229,1
7230,1
7231,1
7232,1
7233,1
7234,0
7235,1
7236,1
7237,1
7238,0
7239,1
7240,1
7241,0
7242,0
7243,1
7244,0
7245,0
7246,0
7247,1
7248,0
7249,1
7250,0
7251,0
7252,1
7253,1
7254,0
7255,0
7256,1
7257,1
7258,1
7259,0
7260,1
7261,1
7262,0
7263,1
7264,1
7265,0
7266,0
7267,1
7268,1
7269,1
7270,0
7271,1
7272,0
7273,0
7274,1
7275,0
7276,1
7277,1
7278,1
7279,0
7280,0
7281,1
7282,1
7283,0
7284,1
7285,1
7286,0
7287,0
7288,0
7289,0
7290,1
7291,0
7292,0
7293,1
7294,0
7295,1
7296,0
7297,0
7298,0
7299,0
7300,0
7301,1
7302,1
7303,1
7304,0
7305,0
7306,0
7307,1
7308,0
7309,0
7310,0
7311,1
7312,1
7313,0
7314,1
7315,1
7316,0
7317,0
7318,0
7319,1
7320,0
7321,1
7322,1
7323,0
7324,0
7325,1
7326,0
7327,1
7328,0
7329,1
7330,0
7331,0
7332,0
7333,0
7334,0
7335,0
7336,0
7337,1
7338,0
7339,1
7340,1
7341,0
7342,1
7343,1
7344,0
7345,0
7346,1
7347,1
7348,0
7349,1
7350,0
7351,0
7352,0
7353,0
7354,0
7355,1
7356,1
7357,1
7358,0
7359,0
7360,1
7361,1
7362,1
7363,1
7364,0
7365,1
7366,0
7367,1
7368,1
7369,1
7370,0
7371,0
7372,0
7373,1
7374,0
7375,0
7376,0
7377,1
7378,0
7379,1
7380,0
7381,1
7382,0
7383,1
7384,0
7385,1
7386,1
7387,1
7388,0
7389,0
7390,0
7391,0
7392,1
7393,1
7394,0
7395,0
7396,1
7397,0
7398,0
7399,0
7400,1
7401,0
7402,1
7403,0
7404,1
7405,1
7406,1
7407,0
7408,1
7409,1
7410,0
7411,1
7412,0
7413,0
7414,0
7415,1
7416,0
7417,1
7418,0
7419,1
7420,0
7421,0
7422,1
7423,0
7424,1
7425,1
7426,0
7427,1
7428,1
7429,0
7430,1
7431,0
7432,1
7433,1
7434,1
7435,1
7436,1
7437,1
7438,1
7439,0
7440,0
7441,1
7442,0
7443,0
7444,0
7445,0
7446,1
7447,0
7448,0
7449,1
7450,0
7451,1
7452,0
7453,0
7454,1
7455,1
7456,0
7457,0
7458,0
7459,0
7460,0
7461,1
7462,1
7463,1
7464,1
7465,1
7466,0
7467,1
7468,0
7469,0
7470,0
7471,0
7472,0
7473,1
7474,1
7475,0
7476,1
7477,1
7478,1
7479,1
7480,1
7481,0
7482,1
7483,1
7484,1
7485,0
7486,1
7487,1
7488,0
7489,1
7490,0
7491,0
7492,0
7493,0
7494,1
7495,0
7496,0
7497,1
7498,0
7499,0
7500,1
7501,1
7502,1
7503,1
7504,1
7505,0
7506,0
7507,1
7508,0
7509,0
7510,0
7511,1
7512,0
7513,0
7514,0
7515,1
7516,1
7517,0
7518,1
7519,1
7520,0
7521,1
7522,1
7523,1
7524,0
7525,1
7526,0
7527,1
7528,0
7529,0
7530,0
7531,1
7532,1
7533,1
7534,0
7535,0
7536,0
7537,0
7538,0
7539,0
7540,0
7541,1
7542,1
7543,1
7544,0
7545,0
7546,1
7547,0
7548,1
7549,0
7550,1
7551,1
7552,0
7553,1
7554,0
7555,1
7556,0
7557,1
7558,1
7559,0
7560,0
7561,1
7562,0
7563,0
7564,1
7565,1
7566,1
7567,1
7568,1
7569,1
7570,0
7571,0
7572,1
7573,0
7574,1
7575,0
7576,1
7577,0
7578,0
7579,1
7580,0
7581,0
7582,0
7583,0
7584,1
7585,1
7586,0
7587,0
7588,0
7589,1
7590,0
7591,1
7592,0
7593,1
7594,0
7595,1
7596,1
7597,0
7598,0
7599,1
7600,1
7601,1
7602,0
7603,1
7604,0
7605,1
7606,0
7607,1
7608,1
7609,0
7610,1
7611,1
7612,1
7613,0
7614,1
7615,1
7616,1
7617,1
7618,1
7619,1
7620,1
7621,1
7622,0
7623,0
7624,1
7625,1
7626,0
7627,1
7628,1
7629,0
7630,1
7631,0
7632,1
7633,1
7634,1
7635,1
7636,0
7637,1
7638,1
7639,1
7640,0
7641,1
7642,1
7643,0
7644,0
7645,0
7646,0
7647,1
7648,0
7649,0
7650,1
7651,0
7652,0
7653,0
7654,1
7655,1
7656,1
7657,0
7658,0
7659,1
7660,0
7661,1
7662,1
7663,0
7664,1
7665,0
7666,1
7667,1
7668,0
7669,1
7670,0
7671,0
7672,1
7673,1
7674,0
7675,0
7676,0
7677,1
7678,0
7679,0
7680,0
7681,0
7682,0
7683,1
7684,0
7685,1
7686,1
7687,1
7688,0
7689,0
7690,1
7691,0
7692,1
7693,0
7694,0
7695,0
7696,1
7697,1
7698,0
7699,1
7700,0
7701,1
7702,0
7703,1
7704,0
7705,0
7706,1
7707,1
7708,0
7709,0
7710,1
7711,1
7712,1
7713,0
7714,0
7715,0
7716,1
7717,0
7718,0
7719,1
7720,0
7721,1
7722,0
7723,1
7724,1
7725,1
7726,0
7727,0
7728,1
7729,1
7730,1
7731,0
7732,0
7733,1
7734,0
7735,1
7736,0
7737,0
7738,1
7739,1
7740,0
7741,0
7742,1
7743,1
7744,1
7745,0
7746,0
7747,1
7748,0
7749,1
7750,1
7751,1
7752,0
7753,1
7754,0
7755,1
7756,1
7757,0
7758,0
7759,1
7760,1
7761,1
7762,0
7763,0
7764,1
7765,0
7766,1
7767,0
7768,1
7769,1
7770,1
7771,0
7772,0
7773,1
7774,0
7775,0
7776,0
7777,0
7778,0
7779,0
7780,1
7781,1
7782,1
7783,1
7784,1
7785,0
7786,1
7787,1
7788,1
7789,1
7790,0
7791,1
7792,1
7793,1
7794,1
7795,0
7796,0
7797,0
7798,0
7799,0
7800,1
7801,1
7802,1
7803,0
7804,0
7805,0
7806,1
7807,0
7808,1
7809,1
7810,1
7811,0
7812,1
7813,0
7814,0
7815,0
7816,1
7817,1
7818,1
7819,1
7820,1
7821,0
7822,1
7823,1
7824,0
7825,0
7826,0
7827,1
7828,0
7829,0
7830,1
7831,1
7832,1
7833,1
7834,0
7835,0
7836,0
7837,1
7838,0
7839,1
7840,1
7841,1
7842,0
7843,1
7844,0
7845,1
7846,1
7847,0
7848,0
7849,0
7850,1
7851,0
7852,0
7853,1
7854,1
7855,0
7856,1
7857,0
7858,0
7859,1
7860,0
7861,0
7862,1
7863,1
7864,0
7865,0
7866,0
7867,0
7868,0
7869,0
7870,0
7871,0
7872,1
7873,1
7874,0
7875,1
7876,0
7877,0
7878,1
7879,1
7880,1
7881,1
7882,0
7883,0
7884,0
7885,0
7886,0
7887,0
7888,0
7889,0
7890,1
7891,1
7892,1
7893,1
7894,0
7895,0
7896,0
7897,1
7898,1
7899,1
7900,1
7901,1
7902,0
7903,1
7904,1
7905,0
7906,1
7907,1
7908,1
7909,1
7910,1
7911,1
7912,0
7913,0
7914,1
7915,1
7916,1
7917,1
7918,1
7919,1
7920,1
7921,0
7922,0
7923,0
7924,1
7925,0
7926,1
7927,1
7928,1
7929,0
7930,1
7931,1
7932,1
7933,1
7934,1
7935,1
7936,0
7937,1
7938,0
7939,1
7940,1
7941,1
7942,0
7943,1
7944,1
7945,0
7946,1
7947,0
7948,0
7949,1
7950,0
7951,1
7952,1
7953,1
7954,1
7955,0
7956,0
7957,0
7958,1
7959,1
7960,1
7961,1
7962,0
7963,0
7964,0
7965,1
7966,1
7967,1
7968,0
7969,1
7970,0
7971,0
7972,1
7973,0
7974,1
7975,1
7976,0
7977,0
7978,0
7979,1
7980,0
7981,0
7982,0
7983,1
7984,1
7985,1
7986,0
7987,1
7988,0
7989,0
7990,1
7991,1
7992,0
7993,0
7994,1
7995,0
7996,0
7997,1
7998,1
7999,1
8000,0
8001,0
8002,0
8003,0
8004,1
8005,1
8006,1
8007,1
8008,1
8009,1
8010,0
8011,1
8012,1
8013,1
8014,0
8015,1
8016,0
8017,1
8018,1
8019,1
8020,1
8021,0
8022,1
8023,1
8024,0
8025,0
8026,1
8027,1
8028,0
8029,0
8030,0
8031,1
8032,1
8033,1
8034,1
8035,0
8036,1
8037,1
8038,0
8039,1
8040,0
8041,0
8042,0
8043,0
8044,1
8045,1
8046,1
8047,0
8048,1
8049,1
8050,1
8051,0
8052,0
8053,1
8054,0
8055,1
8056,1
8057,1
8058,1
8059,1
8060,1
8061,1
8062,0
8063,1
8064,1
8065,1
8066,1
8067,0
8068,1
8069,0
8070,0
8071,1
8072,0
8073,1
8074,1
8075,0
8076,0
8077,0
8078,0
8079,1
8080,0
8081,0
8082,0
8083,0
8084,0
8085,1
8086,0
8087,0
8088,0
8089,0
8090,1
8091,0
8092,1
8093,0
8094,0
8095,1
8096,1
8097,1
8098,1
8099,0
8100,0
8101,0
8102,0
8103,0
8104,1
8105,0
8106,0
8107,0
8108,0
8109,1
8110,1
8111,0
8112,0
8113,1
8114,0
8115,1
8116,0
8117,0
8118,1
8119,1
8120,0
8121,0
8122,0
8123,1
8124,1
8125,0
8126,1
8127,0
8128,1
8129,0
8130,0
8131,1
8132,1
8133,0
8134,1
8135,0
8136,0
8137,0
8138,0
8139,0
8140,0
8141,1
8142,0
8143,0
8144,0
8145,0
8146,1
8147,1
8148,0
8149,0
8150,1
8151,1
8152,0
8153,0
8154,1
8155,1
8156,0
8157,1
8158,1
8159,0
8160,1
8161,0
8162,0
8163,0
8164,1
8165,0
8166,0
8167,0
8168,1
8169,0
8170,0
8171,1
8172,1
8173,1
8174,1
8175,1
8176,1
8177,0
8178,0
8179,1
8180,0
8181,1
8182,1
8183,0
8184,0
8185,1
8186,0
8187,1
8188,0
8189,0
8190,0
8191,1
8192,0
8193,1
8194,0
8195,0
8196,1
8197,0
8198,1
8199,1
8200,1
8201,0
8202,1
8203,1
8204,0
8205,0
8206,1
8207,1
8208,0
8209,1
8210,0
8211,1
8212,0
8213,1
8214,0
8215,0
8216,1
8217,0
8218,0
8219,1
8220,0
8221,0
8222,0
8223,0
8224,0
8225,0
8226,0
8227,0
8228,1
8229,0
8230,1
8231,1
8232,0
8233,1
8234,1
8235,1
8236,0
8237,1
8238,1
8239,1
8240,0
8241,0
8242,0
8243,0
8244,0
8245,0
8246,0
8247,1
8248,1
8249,0
8250,1
8251,1
8252,0
8253,0
8254,0
8255,1
8256,0
8257,0
8258,0
8259,1
8260,1
8261,1
8262,1
8263,1
8264,0
8265,1
8266,1
8267,1
8268,1
8269,0
8270,1
8271,0
8272,1
8273,1
8274,1
8275,0
8276,1
8277,1
8278,1
8279,1
8280,0
8281,1
8282,0
8283,0
8284,0
8285,1
8286,1
8287,1
8288,0
8289,0
8290,1
8291,0
8292,1
8293,1
8294,1
8295,1
8296,1
8297,1
8298,1
8299,0
8300,0
8301,1
8302,0
8303,0
8304,1
8305,0
8306,1
8307,0
8308,1
8309,0
8310,1
8311,1
8312,0
8313,0
8314,1
8315,1
8316,0
8317,1
8318,0
8319,0
8320,0
8321,1
8322,0
8323,1
8324,1
8325,1
8326,1
8327,1
8328,0
8329,1
8330,1
8331,0
8332,0
8333,0
8334,1
8335,0
8336,1
8337,0
8338,0
8339,0
8340,0
8341,0
8342,0
8343,0
8344,1
8345,0
8346,1
8347,1
8348,0
8349,1
8350,1
8351,0
8352,0
8353,1
8354,1
8355,1
8356,0
8357,0
8358,0
8359,0
8360,1
8361,0
8362,1
8363,0
8364,1
8365,0
8366,1
8367,0
8368,0
8369,1
8370,1
8371,1
8372,0
8373,0
8374,0
8375,1
8376,1
8377,1
8378,1
8379,0
8380,1
8381,1
8382,0
8383,1
8384,0
8385,1
8386,0
8387,1
8388,0
8389,0
8390,1
8391,1
8392,0
8393,0
8394,1
8395,1
8396,0
8397,0
8398,1
8399,0
8400,0
8401,1
8402,0
8403,0
8404,1
8405,0
8406,1
8407,1
8408,0
8409,0
8410,1
8411,0
8412,0
8413,1
8414,0
8415,1
8416,0
8417,1
8418,0
8419,1
8420,1
8421,1
8422,1
8423,1
8424,0
8425,1
8426,1
8427,0
8428,1
8429,1
8430,1
8431,1
8432,1
8433,1
8434,1
8435,0
8436,1
8437,1
8438,1
8439,0
8440,1
8441,1
8442,1
8443,0
8444,0
8445,1
8446,0
8447,0
8448,1
8449,1
8450,1
8451,0
8452,0
8453,0
8454,1
8455,0
8456,0
8457,1
8458,1
8459,1
8460,1
8461,1
8462,0
8463,1
8464,1
8465,0
8466,1
8467,0
8468,1
8469,0
8470,1
8471,1
8472,1
8473,0
8474,0
8475,1
8476,1
8477,1
8478,1
8479,1
8480,0
8481,0
8482,0
8483,0
8484,0
8485,0
8486,1
8487,1
8488,1
8489,0
8490,0
8491,1
8492,0
8493,1
8494,0
8495,0
8496,1
8497,1
8498,1
8499,0
8500,0
8501,0
8502,1
8503,0
8504,0
8505,1
8506,1
8507,0
8508,0
8509,0
8510,0
8511,0
8512,1
8513,1
8514,0
8515,0
8516,1
8517,0
8518,1
8519,1
8520,0
8521,1
8522,0
8523,1
8524,1
8525,1
8526,0
8527,1
8528,1
8529,0
8530,1
8531,0
8532,1
8533,0
8534,0
8535,0
8536,0
8537,0
8538,0
8539,0
8540,0
8541,1
8542,1
8543,1
8544,0
8545,0
8546,1
8547,0
8548,0
8549,1
8550,1
8551,0
8552,1
8553,1
8554,0
8555,1
8556,0
8557,1
8558,1
8559,1
8560,0
8561,0
8562,0
8563,0
8564,0
8565,0
8566,0
8567,1
8568,0
8569,0
8570,0
8571,0
8572,1
8573,0
8574,1
8575,1
8576,1
8577,0
8578,1
8579,0
8580,1
8581,0
8582,0
8583,1
8584,0
8585,0
8586,1
8587,1
8588,1
8589,0
8590,0
8591,1
8592,1
8593,0
8594,1
8595,1
8596,0
8597,0
8598,0
8599,0
8600,1
8601,1
8602,0
8603,0
8604,1
8605,1
8606,1
8607,1
8608,0
8609,0
8610,1
8611,0
8612,1
8613,1
8614,1
8615,0
8616,1
8617,1
8618,0
8619,0
8620,0
8621,0
8622,1
8623,1
8624,1
8625,1
8626,0
8627,1
8628,1
8629,1
8630,1
8631,1
8632,1
8633,0
8634,1
8635,0
8636,0
8637,0
8638,0
8639,0
8640,1
8641,0
8642,0
8643,1
8644,1
8645,1
8646,0
8647,1
8648,0
8649,1
8650,0
8651,0
8652,0
8653,0
8654,1
8655,1
8656,0
8657,1
8658,1
8659,1
8660,0
8661,0
8662,1
8663,1
8664,0
8665,0
8666,1
8667,0
8668,1
8669,1
8670,0
8671,1
8672,0
8673,0
8674,1
8675,1
8676,1
8677,0
8678,0
8679,0
8680,0
8681,0
8682,1
8683,0
8684,0
8685,1
8686,1
8687,1
8688,1
8689,0
8690,0
8691,0
8692,0
8693,1
8694,1
8695,0
8696,0
8697,0
8698,0
8699,1
8700,1
8701,0
8702,1
8703,0
8704,0
8705,0
8706,1
8707,1
8708,0
8709,0
8710,1
8711,0
8712,1
8713,0
8714,1
8715,0
8716,1
8717,0
8718,1
8719,0
8720,1
8721,0
8722,0
8723,0
8724,1
8725,1
8726,0
8727,0
8728,1
8729,1
8730,0
8731,0
8732,1
8733,1
8734,0
8735,1
8736,0
8737,0
8738,1
8739,0
8740,0
8741,1
8742,0
8743,0
8744,0
8745,1
8746,0
8747,1
8748,0
8749,1
8750,1
8751,0
8752,1
8753,1
8754,1
8755,1
8756,1
8757,0
8758,1
8759,1
8760,1
8761,0
8762,1
8763,0
8764,1
8765,1
8766,1
8767,1
8768,0
8769,0
8770,1
8771,1
8772,0
8773,1
8774,0
8775,0
8776,0
8777,0
8778,1
8779,1
8780,0
8781,0
8782,1
8783,0
8784,1
8785,0
8786,0
8787,1
8788,1
8789,0
8790,0
8791,0
8792,1
8793,1
8794,0
8795,0
8796,1
8797,1
8798,1
8799,0
8800,1
8801,0
8802,0
8803,0
8804,1
8805,1
8806,1
8807,1
8808,1
8809,1
8810,1
8811,1
8812,1
8813,1
8814,1
8815,1
8816,0
8817,0
8818,0
8819,1
8820,1
8821,0
8822,0
8823,0
8824,0
8825,0
8826,0
8827,1
8828,0
8829,1
8830,0
8831,0
8832,1
8833,1
8834,0
8835,0
8836,0
8837,0
8838,1
8839,1
8840,1
8841,1
8842,1
8843,0
8844,1
8845,0
8846,1
8847,1
8848,1
8849,0
8850,1
8851,0
8852,0
8853,0
8854,0
8855,1
8856,1
8857,1
8858,0
8859,1
8860,0
8861,0
8862,1
8863,1
8864,1
8865,0
8866,1
8867,1
8868,0
8869,1
8870,1
8871,0
8872,1
8873,1
8874,0
8875,1
8876,1
8877,0
8878,0
8879,1
8880,0
8881,1
8882,0
8883,1
8884,1
8885,1
8886,0
8887,1
8888,0
8889,0
8890,1
8891,0
8892,1
8893,0
8894,0
8895,1
8896,1
8897,1
8898,0
8899,1
8900,0
8901,0
8902,1
8903,1
8904,0
8905,1
8906,1
8907,0
8908,0
8909,0
8910,1
8911,0
8912,0
8913,0
8914,0
8915,0
8916,0
8917,0
8918,0
8919,0
8920,1
8921,0
8922,0
8923,0
8924,0
8925,0
8926,1
8927,1
8928,1
8929,0
8930,0
8931,0
8932,0
8933,0
8934,1
8935,1
8936,1
8937,1
8938,0
8939,1
8940,1
8941,1
8942,0
8943,1
8944,0
8945,0
8946,1
8947,1
8948,0
8949,1
8950,1
8951,1
8952,1
8953,0
8954,0
8955,1
8956,0
8957,0
8958,1
8959,1
8960,1
8961,0
8962,1
8963,0
8964,1
8965,1
8966,1
8967,1
8968,0
8969,0
8970,1
8971,1
8972,0
8973,0
8974,0
8975,0
8976,0
8977,0
8978,0
8979,1
8980,1
8981,1
8982,1
8983,1
8984,1
8985,1
8986,1
8987,1
8988,1
8989,1
8990,1
8991,0
8992,0
8993,0
8994,0
8995,0
8996,0
8997,0
8998,1
8999,0
9000,0
9001,1
9002,0
9003,0
9004,1
9005,1
9006,0
9007,1
9008,0
9009,0
9010,1
9011,1
9012,1
9013,0
9014,1
9015,1
9016,0
9017,1
9018,0
9019,0
9020,0
9021,0
9022,0
9023,0
9024,1
9025,1
9026,1
9027,0
9028,1
9029,1
9030,0
9031,1
9032,1
9033,1
9034,0
9035,1
9036,0
9037,0
9038,1
9039,0
9040,0
9041,0
9042,0
9043,0
9044,0
9045,1
9046,0
9047,0
9048,1
9049,0
9050,1
9051,1
9052,0
9053,1
9054,0
9055,1
9056,1
9057,1
9058,1
9059,0
9060,1
9061,0
9062,0
9063,1
9064,0
9065,0
9066,0
9067,1
9068,1
9069,1
9070,1
9071,1
9072,0
9073,1
9074,0
9075,1
9076,1
9077,1
9078,0
9079,1
9080,0
9081,0
9082,1
9083,1
9084,0
9085,1
9086,1
9087,0
9088,0
9089,1
9090,1
9091,1
9092,1
9093,1
9094,0
9095,0
9096,1
9097,0
9098,0
9099,0
9100,1
9101,0
9102,0
9103,1
9104,1
9105,0
9106,1
9107,1
9108,1
9109,0
9110,1
9111,1
9112,0
9113,0
9114,1
9115,0
9116,1
9117,0
9118,0
9119,0
9120,1
9121,0
9122,1
9123,0
9124,1
9125,1
9126,1
9127,1
9128,0
9129,1
9130,1
9131,0
9132,0
9133,1
9134,1
9135,0
9136,1
9137,1
9138,0
9139,0
9140,1
9141,0
9142,1
9143,1
9144,1
9145,1
9146,1
9147,0
9148,0
9149,0
9150,1
9151,1
9152,0
9153,0
9154,1
9155,0
9156,0
9157,0
9158,0
9159,0
9160,0
9161,0
9162,0
9163,0
9164,0
9165,0
9166,0
9167,1
9168,0
9169,1
9170,1
9171,1
9172,0
9173,0
9174,1
9175,1
9176,0
9177,1
9178,1
9179,0
9180,0
9181,1
9182,1
9183,0
9184,0
9185,1
9186,1
9187,0
9188,1
9189,0
9190,1
9191,1
9192,1
9193,1
9194,0
9195,0
9196,0
9197,0
9198,0
9199,0
9200,1
9201,0
9202,0
9203,1
9204,0
9205,0
9206,0
9207,0
9208,0
9209,1
9210,0
9211,1
9212,0
9213,0
9214,1
9215,0
9216,0
9217,0
9218,0
9219,1
9220,1
9221,1
9222,1
9223,0
9224,1
9225,1
9226,0
9227,0
9228,0
9229,1
9230,1
9231,0
9232,0
9233,1
9234,1
9235,1
9236,0
9237,0
9238,1
9239,0
9240,0
9241,1
9242,1
9243,0
9244,0
9245,0
9246,0
9247,1
9248,1
9249,1
9250,1
9251,1
9252,1
9253,1
9254,0
9255,1
9256,1
9257,1
9258,1
9259,0
9260,1
9261,0
9262,0
9263,1
9264,1
9265,0
9266,0
9267,0
9268,1
9269,1
9270,1
9271,0
9272,0
9273,1
9274,0
9275,0
9276,1
9277,0
9278,0
9279,0
9280,0
9281,0
9282,0
9283,1
9284,1
9285,0
9286,0
9287,1
9288,1
9289,1
9290,0
9291,0
9292,1
9293,0
9294,1
9295,0
9296,0
9297,1
9298,1
9299,1
9300,0
9301,0
9302,0
9303,1
9304,1
9305,0
9306,1
9307,0
9308,0
9309,0
9310,1
9311,0
9312,0
9313,1
9314,0
9315,0
9316,1
9317,1
9318,1
9319,0
9320,0
9321,1
9322,1
9323,0
9324,0
9325,1
9326,0
9327,1
9328,0
9329,0
9330,1
9331,1
9332,1
9333,0
9334,1
9335,0
9336,1
9337,1
9338,1
9339,0
9340,0
9341,1
9342,1
9343,1
9344,1
9345,1
9346,0
9347,1
9348,0
9349,0
9350,1
9351,1
9352,1
9353,1
9354,1
9355,0
9356,1
9357,1
9358,1
9359,0
9360,1
9361,0
9362,0
9363,1
9364,1
9365,0
9366,0
9367,0
9368,0
9369,1
9370,0
9371,1
9372,1
9373,0
9374,0
9375,1
9376,1
9377,0
9378,0
9379,0
9380,0
9381,0
9382,1
9383,1
9384,0
9385,0
9386,0
9387,1
9388,0
9389,0
9390,0
9391,0
9392,1
9393,1
9394,1
9395,0
9396,1
9397,1
9398,1
9399,1
9400,0
9401,1
9402,0
9403,0
9404,0
9405,0
9406,1
9407,1
9408,0
9409,1
9410,1
9411,0
9412,0
9413,1
9414,0
9415,0
9416,0
9417,0
9418,1
9419,1
9420,1
9421,1
9422,0
9423,1
9424,1
9425,1
9426,0
9427,1
9428,1
9429,0
9430,0
9431,0
9432,0
9433,0
9434,0
9435,1
9436,1
9437,0
9438,0
9439,0
9440,1
9441,1
9442,0
9443,1
9444,1
9445,0
9446,0
9447,1
9448,1
9449,0
9450,1
9451,1
9452,0
9453,1
9454,0
9455,1
9456,0
9457,1
9458,0
9459,1
9460,0
9461,0
9462,0
9463,0
9464,0
9465,0
9466,1
9467,0
9468,1
9469,0
9470,0
9471,0
9472,1
9473,0
9474,0
9475,0
9476,1
9477,0
9478,0
9479,1
9480,0
9481,1
9482,1
9483,1
9484,1
9485,0
9486,1
9487,1
9488,1
9489,0
9490,0
9491,1
9492,1
9493,0
9494,0
9495,0
9496,1
9497,1
9498,1
9499,1
